customer_id,anomaly_flag,anomaly_score,cluster_label,selected_model
CUST1001,0,0.030148132506697567,2,KMeans
CUST1002,0,0.12671432815844452,2,KMeans
CUST1003,0,0.10596275576579295,2,KMeans
CUST1004,0,0.10394075413227499,1,KMeans
CUST1005,0,0.027882484108508576,4,KMeans
CUST1006,0,0.09196183976070904,2,KMeans
CUST1007,0,0.14133555406603243,2,KMeans
CUST1008,0,0.04390260084127573,0,KMeans
CUST1009,0,0.09012076595204066,0,KMeans
CUST1010,0,0.08945176719194137,1,KMeans
CUST1011,0,0.12324462090130639,1,KMeans
CUST1012,0,0.05973734763779048,3,KMeans
CUST1013,0,0.037826479136736535,1,KMeans
CUST1014,0,0.034726863922873275,1,KMeans
CUST1015,0,0.08788453331433932,1,KMeans
CUST1016,0,0.10906916707205283,0,KMeans
CUST1017,0,0.028918565567167764,3,KMeans
CUST1018,0,0.05333798151710689,4,KMeans
CUST1019,0,0.11558869170922298,0,KMeans
CUST1020,0,0.13396022726024553,2,KMeans
CUST1021,0,0.1154379759316862,2,KMeans
CUST1022,0,0.0605205617104595,1,KMeans
CUST1023,0,0.0415530338497464,4,KMeans
CUST1024,0,0.008350503734019132,2,KMeans
CUST1025,0,0.06177242070001665,4,KMeans
CUST1026,0,0.006516666422479278,0,KMeans
CUST1027,0,0.09540647393458213,1,KMeans
CUST1028,0,0.10638027231778974,3,KMeans
CUST1029,0,0.08466250892496707,3,KMeans
CUST1030,0,0.1346746262320978,2,KMeans
CUST1031,0,0.11712315245951826,2,KMeans
CUST1032,0,0.16703527341098762,2,KMeans
CUST1033,0,0.10480615404952148,1,KMeans
CUST1034,0,0.04642105813893571,0,KMeans
CUST1035,0,0.0006978472235820155,4,KMeans
CUST1036,0,0.041029492874667395,1,KMeans
CUST1037,0,0.03772476336701458,4,KMeans
CUST1038,1,-0.0004638831004478705,1,KMeans
CUST1039,0,0.06470737182399988,0,KMeans
CUST1040,0,0.13736828352085312,2,KMeans
CUST1041,0,0.09964156976215399,0,KMeans
CUST1042,0,5.516573122310575e-06,1,KMeans
CUST1043,0,0.061157611485888164,0,KMeans
CUST1044,0,0.08197422877155758,3,KMeans
CUST1045,0,0.07240221697557314,0,KMeans
CUST1046,0,0.1273054934364155,3,KMeans
CUST1047,0,0.09972701509648985,2,KMeans
CUST1048,0,0.134145980194883,2,KMeans
CUST1049,0,0.11439346481795687,2,KMeans
CUST1050,0,0.06250659739858644,1,KMeans
CUST1051,0,0.05154893122854076,3,KMeans
CUST1052,0,0.08590041709617291,3,KMeans
CUST1053,0,0.05867356272474711,2,KMeans
CUST1054,0,0.03837611548669584,0,KMeans
CUST1055,0,0.0905066455324639,3,KMeans
CUST1056,0,0.03173841401609234,1,KMeans
CUST1057,0,0.08448892084871207,1,KMeans
CUST1058,0,0.08007994082195413,2,KMeans
CUST1059,0,0.10027980459794889,3,KMeans
CUST1060,0,0.11001187839633386,2,KMeans
CUST1061,0,0.07175204162626381,3,KMeans
CUST1062,0,0.11665251041356012,0,KMeans
CUST1063,0,0.1414806196667751,2,KMeans
CUST1064,0,0.025945580290420933,0,KMeans
CUST1065,0,0.14887558604051765,2,KMeans
CUST1066,0,0.10970149655329697,0,KMeans
CUST1067,0,0.09027504531878361,0,KMeans
CUST1068,0,0.1434791360326288,2,KMeans
CUST1069,0,0.057077528135912714,0,KMeans
CUST1070,0,0.08896289085111508,0,KMeans
CUST1071,0,0.08146123321686471,0,KMeans
CUST1072,0,0.12085858822246742,3,KMeans
CUST1073,0,0.0990717691375892,0,KMeans
CUST1074,0,0.14560350672940692,2,KMeans
CUST1075,0,0.07880562824650728,3,KMeans
CUST1076,0,0.15447902897198962,2,KMeans
CUST1077,0,0.0824857122121363,0,KMeans
CUST1078,0,0.08473036218197161,1,KMeans
CUST1079,0,0.16177554964210367,2,KMeans
CUST1080,0,0.16019709411047584,2,KMeans
CUST1081,0,0.08972080551955286,3,KMeans
CUST1082,0,0.12098905511469332,2,KMeans
CUST1083,0,0.1299396383499497,2,KMeans
CUST1084,0,0.04945686548172845,2,KMeans
CUST1085,0,0.03674844628060736,3,KMeans
CUST1086,0,0.10621158294041355,2,KMeans
CUST1087,0,0.13162686111465333,2,KMeans
CUST1088,0,0.1284561068613455,3,KMeans
CUST1089,0,0.09035405910159677,1,KMeans
CUST1090,1,-0.019113331443256443,4,KMeans
CUST1091,0,0.1484390027594248,2,KMeans
CUST1092,0,0.0728454418284129,3,KMeans
CUST1093,0,0.11317778689635,1,KMeans
CUST1094,0,0.07670601191106197,2,KMeans
CUST1095,1,-0.003692816196098514,1,KMeans
CUST1096,0,0.10006487249457818,0,KMeans
CUST1097,0,0.09657838876119196,2,KMeans
CUST1098,0,0.13977024155910084,2,KMeans
CUST1099,0,0.11036853472958091,1,KMeans
CUST1100,0,0.07161188150221431,3,KMeans
CUST1101,0,0.08198555607323377,1,KMeans
CUST1102,0,0.12671841033889425,2,KMeans
CUST1103,0,0.10028173849303418,2,KMeans
CUST1104,0,0.1462639133563945,2,KMeans
CUST1105,0,0.08291009118062098,1,KMeans
CUST1106,0,0.14505757092135613,2,KMeans
CUST1107,0,0.06629618114328162,2,KMeans
CUST1108,0,0.010818659431438893,4,KMeans
CUST1109,0,0.11783848328315899,0,KMeans
CUST1110,0,0.04656578199515171,4,KMeans
CUST1111,0,0.11541287535169581,2,KMeans
CUST1112,0,0.08246887878228226,3,KMeans
CUST1113,0,0.05686993685150776,0,KMeans
CUST1114,0,0.05712490270458037,3,KMeans
CUST1115,0,0.043110755330739825,2,KMeans
CUST1116,0,0.13213976541593236,0,KMeans
CUST1117,0,0.10955976809851609,2,KMeans
CUST1118,0,0.12067404848749541,2,KMeans
CUST1119,0,0.11308041785073925,2,KMeans
CUST1120,0,0.12341291188240311,2,KMeans
CUST1121,0,0.06512177775860162,2,KMeans
CUST1122,0,0.02027767407114789,4,KMeans
CUST1123,0,0.1326665248004144,2,KMeans
CUST1124,0,0.043655783772572065,4,KMeans
CUST1125,0,0.10321181194436396,2,KMeans
CUST1126,0,0.054756407432852594,1,KMeans
CUST1127,0,0.10877176345314277,2,KMeans
CUST1128,0,0.16622179180023067,2,KMeans
CUST1129,0,0.141122008683636,2,KMeans
CUST1130,0,0.09478012737021624,0,KMeans
CUST1131,0,0.0865204212512285,3,KMeans
CUST1132,0,0.07164974698912652,1,KMeans
CUST1133,0,0.05085804482577194,0,KMeans
CUST1134,0,0.1602405151231292,2,KMeans
CUST1135,0,0.10854357204305132,2,KMeans
CUST1136,0,0.005939021287753032,1,KMeans
CUST1137,0,0.11230636623392776,2,KMeans
CUST1138,0,0.1674821119804124,2,KMeans
CUST1139,0,0.12468130390481308,2,KMeans
CUST1140,0,0.09989298169611044,2,KMeans
CUST1141,0,0.08790290277490287,3,KMeans
CUST1142,0,0.11343088546246427,1,KMeans
CUST1143,0,0.15437272198911728,2,KMeans
CUST1144,0,0.0734241461337003,2,KMeans
CUST1145,0,0.10569509402311372,3,KMeans
CUST1146,0,0.012963904731208897,4,KMeans
CUST1147,0,0.06983911918014596,3,KMeans
CUST1148,0,0.07446293603432985,0,KMeans
CUST1149,0,0.09492248396879177,3,KMeans
CUST1150,0,0.04181209669244179,1,KMeans
CUST1151,0,0.09312993663488955,2,KMeans
CUST1152,0,0.0897593250084312,3,KMeans
CUST1153,0,0.09614566252329348,2,KMeans
CUST1154,0,0.03476495640560151,4,KMeans
CUST1155,0,0.08768034492114452,0,KMeans
CUST1156,0,0.018337681355149127,4,KMeans
CUST1157,0,0.11256713970151633,2,KMeans
CUST1158,0,0.05831971839247485,1,KMeans
CUST1159,0,0.033116596693676836,1,KMeans
CUST1160,0,0.1060126255774323,1,KMeans
CUST1161,0,0.07963955798849243,2,KMeans
CUST1162,0,0.004640558820107499,1,KMeans
CUST1163,0,0.10771027901434826,1,KMeans
CUST1164,1,-0.01684880918800702,4,KMeans
CUST1165,0,0.16778821011628026,2,KMeans
CUST1166,0,0.06646076562999048,3,KMeans
CUST1167,0,0.15209208070613228,2,KMeans
CUST1168,0,0.06409482899639207,1,KMeans
CUST1169,0,0.01907761700363919,3,KMeans
CUST1170,0,0.10478244477327286,2,KMeans
CUST1171,0,0.10081295595810236,0,KMeans
CUST1172,0,0.05913014428274277,4,KMeans
CUST1173,0,0.1453371365353357,2,KMeans
CUST1174,0,0.13561272334154312,2,KMeans
CUST1175,0,0.13066457348407784,0,KMeans
CUST1176,0,0.0865871101073129,2,KMeans
CUST1177,1,-0.011853457915765642,4,KMeans
CUST1178,1,-0.04372783803118907,4,KMeans
CUST1179,0,0.09205125957349958,3,KMeans
CUST1180,0,0.062037550555963716,2,KMeans
CUST1181,0,0.1115116179211183,2,KMeans
CUST1182,0,0.12409716499918794,3,KMeans
CUST1183,0,0.11779050295550791,0,KMeans
CUST1184,0,0.10055531072564183,3,KMeans
CUST1185,0,0.12954532503870347,2,KMeans
CUST1186,0,0.13623128613168706,2,KMeans
CUST1187,0,0.11733767975904819,2,KMeans
CUST1188,0,0.03530421083402835,4,KMeans
CUST1189,0,0.03777935828111956,1,KMeans
CUST1190,0,0.0942758808984,0,KMeans
CUST1191,0,0.14047369604498422,2,KMeans
CUST1192,0,0.07843416448685081,1,KMeans
CUST1193,0,0.0850056405147187,0,KMeans
CUST1194,0,0.057134996085331125,1,KMeans
CUST1195,0,0.09816131904939807,1,KMeans
CUST1196,0,0.05637940441447287,2,KMeans
CUST1197,0,0.1356521315505685,2,KMeans
CUST1198,0,0.12917286868827438,2,KMeans
CUST1199,0,0.12242252241094292,0,KMeans
CUST1200,0,0.008579178683312039,1,KMeans
CUST1201,1,-0.023618093672853724,4,KMeans
CUST1202,0,0.10726121092320823,1,KMeans
CUST1203,0,0.09998259269689624,2,KMeans
CUST1204,0,0.07092992219990335,1,KMeans
CUST1205,0,0.06604910005302489,1,KMeans
CUST1206,0,0.007319932564143539,4,KMeans
CUST1207,0,0.14401139033924804,2,KMeans
CUST1208,0,0.0743896807285096,3,KMeans
CUST1209,0,0.1447819367884396,2,KMeans
CUST1210,0,0.08400199325084234,3,KMeans
CUST1211,0,0.09838873384037627,3,KMeans
CUST1212,0,0.046284761346206404,0,KMeans
CUST1213,0,0.13012208374949857,0,KMeans
CUST1214,0,0.07839306081894115,0,KMeans
CUST1215,0,0.09121886064197204,2,KMeans
CUST1216,0,0.043048363998883454,2,KMeans
CUST1217,0,0.13863298202372687,2,KMeans
CUST1218,0,0.07697413642039397,3,KMeans
CUST1219,0,0.03737480334024901,4,KMeans
CUST1220,0,0.07706361415531016,2,KMeans
CUST1221,0,0.025036673037086343,1,KMeans
CUST1222,0,0.1262113538667068,2,KMeans
CUST1223,0,0.14136059116737903,2,KMeans
CUST1224,0,0.13300643237030418,2,KMeans
CUST1225,0,0.0856226007726707,2,KMeans
CUST1226,0,0.1261792842069745,2,KMeans
CUST1227,0,0.14077300382314478,2,KMeans
CUST1228,0,0.044838476787365855,1,KMeans
CUST1229,0,0.1043349644832372,2,KMeans
CUST1230,0,0.13675599381528886,2,KMeans
CUST1231,0,0.09439896336553566,2,KMeans
CUST1232,0,0.1353164683011221,2,KMeans
CUST1233,0,0.0646145341135903,1,KMeans
CUST1234,0,0.1335410770521343,2,KMeans
CUST1235,0,0.08499113636838063,4,KMeans
CUST1236,0,0.06955232317072735,2,KMeans
CUST1237,0,0.05153151519954602,2,KMeans
CUST1238,0,0.009062239665282634,1,KMeans
CUST1239,0,0.07046010032154304,0,KMeans
CUST1240,0,0.15964793048868942,2,KMeans
CUST1241,0,0.06778215903735485,4,KMeans
CUST1242,0,0.05174977487360444,1,KMeans
CUST1243,0,0.09652613318301484,4,KMeans
CUST1244,0,0.09445005396603046,3,KMeans
CUST1245,0,0.11423355782532041,2,KMeans
CUST1246,0,0.1623040068021228,2,KMeans
CUST1247,0,0.11820640884684275,1,KMeans
CUST1248,0,0.06917821387053358,1,KMeans
CUST1249,0,0.02731016304280265,1,KMeans
CUST1250,0,0.10071156456888014,2,KMeans
CUST1251,1,-0.019669853741596466,1,KMeans
CUST1252,0,0.04769947056919477,0,KMeans
CUST1253,0,0.06857118522868821,1,KMeans
CUST1254,0,0.05890211562398928,1,KMeans
CUST1255,0,0.15152483160353397,2,KMeans
CUST1256,0,0.0806230253839707,1,KMeans
CUST1257,0,0.10344029027670298,0,KMeans
CUST1258,0,0.0167619685546031,2,KMeans
CUST1259,0,0.0777195734597963,2,KMeans
CUST1260,0,0.09226073180501915,2,KMeans
CUST1261,0,0.16088263562278576,2,KMeans
CUST1262,0,0.06449971024652312,1,KMeans
CUST1263,0,0.08766417597830856,1,KMeans
CUST1264,0,0.10122038792620419,3,KMeans
CUST1265,0,0.15534880754672825,2,KMeans
CUST1266,0,0.07661684903504129,0,KMeans
CUST1267,0,0.08799646850310738,1,KMeans
CUST1268,0,0.06920206994119671,2,KMeans
CUST1269,0,0.13459485883169364,2,KMeans
CUST1270,0,0.1016100040672352,2,KMeans
CUST1271,0,0.12007325208320724,0,KMeans
CUST1272,0,0.07362735103024487,1,KMeans
CUST1273,0,0.08363607470619816,1,KMeans
CUST1274,0,0.10414800900509275,0,KMeans
CUST1275,0,0.06771973922329666,3,KMeans
CUST1276,0,0.09539741894776688,3,KMeans
CUST1277,0,0.11767459678615072,2,KMeans
CUST1278,0,0.09293280298926099,0,KMeans
CUST1279,0,0.02010945028549327,1,KMeans
CUST1280,0,0.03880436431693923,3,KMeans
CUST1281,0,0.02397778637278969,1,KMeans
CUST1282,0,0.13816237986995827,2,KMeans
CUST1283,1,-0.012104776618454105,4,KMeans
CUST1284,0,0.010127846941233032,1,KMeans
CUST1285,0,0.06558346383212832,1,KMeans
CUST1286,0,0.08402889201707742,4,KMeans
CUST1287,0,0.13119438993562843,2,KMeans
CUST1288,0,0.10084146944536349,2,KMeans
CUST1289,0,0.1334184881442269,2,KMeans
CUST1290,0,0.11163694933041102,0,KMeans
CUST1291,0,0.11318440853389011,3,KMeans
CUST1292,0,0.15446326192396592,2,KMeans
CUST1293,0,0.013795239728665365,4,KMeans
CUST1294,0,0.06184043382239457,2,KMeans
CUST1295,0,0.06913492734558979,2,KMeans
CUST1296,0,0.1348720111833664,2,KMeans
CUST1297,1,-0.013356355647410112,4,KMeans
CUST1298,1,-0.00513513952134792,1,KMeans
CUST1299,0,0.16711318225124572,2,KMeans
CUST1300,0,0.12674699495663339,0,KMeans
CUST1301,0,0.08096222082016036,1,KMeans
CUST1302,0,0.11458467046964532,2,KMeans
CUST1303,0,0.07427366725595552,4,KMeans
CUST1304,0,0.10104977122769015,1,KMeans
CUST1305,0,0.07184283117940249,3,KMeans
CUST1306,0,0.11860807436639076,3,KMeans
CUST1307,0,0.13808660279924545,2,KMeans
CUST1308,0,0.10577771252285273,3,KMeans
CUST1309,0,0.07765088714377888,1,KMeans
CUST1310,0,0.1551703028274154,2,KMeans
CUST1311,1,-0.028762018442735293,3,KMeans
CUST1312,0,0.13907970728484076,2,KMeans
CUST1313,0,0.045192695817792394,3,KMeans
CUST1314,0,0.13527808946874986,2,KMeans
CUST1315,1,-0.009850911987745459,1,KMeans
CUST1316,0,0.1138146717996063,3,KMeans
CUST1317,0,0.1277013711280391,2,KMeans
CUST1318,0,0.12721403003559045,2,KMeans
CUST1319,1,-0.023235235112134878,3,KMeans
CUST1320,0,0.10450236743166291,1,KMeans
CUST1321,0,0.06097830574054863,3,KMeans
CUST1322,1,-0.08419307872653337,3,KMeans
CUST1323,0,0.04567729322726677,4,KMeans
CUST1324,0,0.1410971979390161,3,KMeans
CUST1325,0,0.11020058620405443,2,KMeans
CUST1326,0,0.07598809865186018,4,KMeans
CUST1327,0,0.11185823583910132,0,KMeans
CUST1328,0,0.01827665685911417,3,KMeans
CUST1329,0,0.10378865819670996,1,KMeans
CUST1330,0,0.06928009069224472,2,KMeans
CUST1331,0,0.09829041399587113,0,KMeans
CUST1332,0,0.11535263434439541,2,KMeans
CUST1333,0,0.09182528275608048,2,KMeans
CUST1334,0,0.03221599092474703,4,KMeans
CUST1335,0,0.006357661815850402,3,KMeans
CUST1336,0,0.07750356300608252,2,KMeans
CUST1337,0,0.06251536633410226,0,KMeans
CUST1338,0,0.01559406015422371,2,KMeans
CUST1339,0,0.15517790619230437,2,KMeans
CUST1340,0,0.13759211287514694,2,KMeans
CUST1341,0,0.09463517014180212,3,KMeans
CUST1342,0,0.09031981319734184,2,KMeans
CUST1343,0,0.07809254949700561,4,KMeans
CUST1344,0,0.1096885263751688,3,KMeans
CUST1345,0,0.07743413362136686,3,KMeans
CUST1346,0,0.08496462106202829,2,KMeans
CUST1347,0,0.027542257865396547,0,KMeans
CUST1348,0,0.12659658740810542,2,KMeans
CUST1349,0,0.03399444600906054,0,KMeans
CUST1350,0,0.13641680252019522,2,KMeans
CUST1351,0,0.025355353969633065,1,KMeans
CUST1352,0,0.04096759868052002,1,KMeans
CUST1353,0,0.04799656154122578,3,KMeans
CUST1354,0,0.04692584236796049,3,KMeans
CUST1355,0,0.10085851709456534,0,KMeans
CUST1356,0,0.1366342932091783,2,KMeans
CUST1357,0,0.04629154098802746,0,KMeans
CUST1358,0,0.15326239376096262,2,KMeans
CUST1359,0,0.02909952819452477,0,KMeans
CUST1360,0,0.09883627437507603,1,KMeans
CUST1361,1,-0.03534898243460283,3,KMeans
CUST1362,0,0.05296487142855477,4,KMeans
CUST1363,0,0.0907126286851927,1,KMeans
CUST1364,0,0.11566343281627417,0,KMeans
CUST1365,0,0.04019001066520356,1,KMeans
CUST1366,0,0.06687889764467547,0,KMeans
CUST1367,0,0.08833266771942028,2,KMeans
CUST1368,0,0.14192834422460865,2,KMeans
CUST1369,0,0.13564329281091375,2,KMeans
CUST1370,0,0.053133912024312835,0,KMeans
CUST1371,0,0.0651551052603968,2,KMeans
CUST1372,0,0.03568279723671597,3,KMeans
CUST1373,0,0.1344121254560226,2,KMeans
CUST1374,0,0.012933759343317197,1,KMeans
CUST1375,0,0.09104507246114879,0,KMeans
CUST1376,0,0.07971670821921417,2,KMeans
CUST1377,0,0.06525059679750522,1,KMeans
CUST1378,0,0.15573019097954321,2,KMeans
CUST1379,0,0.07553201090657036,0,KMeans
CUST1380,0,0.12188157467601135,1,KMeans
CUST1381,0,0.14963159299605677,2,KMeans
CUST1382,0,0.1544409773432338,2,KMeans
CUST1383,0,0.09321896149079678,1,KMeans
CUST1384,0,0.08540689427601977,2,KMeans
CUST1385,0,0.1538651197532261,2,KMeans
CUST1386,0,0.10266258359254737,2,KMeans
CUST1387,0,0.08763400918210895,3,KMeans
CUST1388,0,0.07884144724647713,4,KMeans
CUST1389,0,0.13429038514687586,2,KMeans
CUST1390,0,0.05101639705455274,4,KMeans
CUST1391,0,0.10156859022445597,3,KMeans
CUST1392,0,0.06354566310751564,0,KMeans
CUST1393,0,0.09211927182433244,1,KMeans
CUST1394,0,0.03038099420866469,0,KMeans
CUST1395,0,0.075960530306453,1,KMeans
CUST1396,0,0.09178395148365104,1,KMeans
CUST1397,0,0.15768609468199374,2,KMeans
CUST1398,0,0.11433712781575633,2,KMeans
CUST1399,0,0.04607741816500166,1,KMeans
CUST1400,0,0.14209007461896456,2,KMeans
CUST1401,0,0.07917601964345322,1,KMeans
CUST1402,0,0.11225489548013401,0,KMeans
CUST1403,0,0.11433619222088087,0,KMeans
CUST1404,0,0.11385353914035956,0,KMeans
CUST1405,0,0.12946088634714348,0,KMeans
CUST1406,0,0.09201606676798757,2,KMeans
CUST1407,0,0.054911268333903696,1,KMeans
CUST1408,0,0.03420877728318128,4,KMeans
CUST1409,0,0.07220713411728674,2,KMeans
CUST1410,0,0.12666140033988854,2,KMeans
CUST1411,1,-0.037777659481655235,4,KMeans
CUST1412,0,0.06267520984481956,4,KMeans
CUST1413,0,0.08452443045045521,1,KMeans
CUST1414,0,0.11751898651578568,2,KMeans
CUST1415,0,0.0397992996271791,1,KMeans
CUST1416,0,0.07884369172259631,1,KMeans
CUST1417,1,-0.04461194608933905,3,KMeans
CUST1418,0,0.14563440740621286,2,KMeans
CUST1419,0,0.058925423960196954,2,KMeans
CUST1420,0,0.04090006512315103,1,KMeans
CUST1421,0,0.06837730442626666,3,KMeans
CUST1422,1,-0.005837088814795277,1,KMeans
CUST1423,0,0.13165240875247952,3,KMeans
CUST1424,0,0.11372019612261086,3,KMeans
CUST1425,0,0.06575607813788265,1,KMeans
CUST1426,0,0.06790190337484281,0,KMeans
CUST1427,0,0.11624604576451997,3,KMeans
CUST1428,0,0.16184119000693148,2,KMeans
CUST1429,0,0.11203137172765515,2,KMeans
CUST1430,0,0.09623839702240178,2,KMeans
CUST1431,0,0.11241990954752035,2,KMeans
CUST1432,0,0.04297220680935532,3,KMeans
CUST1433,0,0.09359937367821436,2,KMeans
CUST1434,0,0.12051628658040925,0,KMeans
CUST1435,0,0.10510197901972346,2,KMeans
CUST1436,1,-0.025135221486952797,3,KMeans
CUST1437,0,0.07952314397776805,0,KMeans
CUST1438,0,0.11005167582078329,0,KMeans
CUST1439,0,0.0911954932045006,1,KMeans
CUST1440,0,0.09458120410322912,1,KMeans
CUST1441,0,0.1411704587121645,2,KMeans
CUST1442,1,-0.06027848613872211,3,KMeans
CUST1443,0,0.050734450341419324,1,KMeans
CUST1444,0,0.04904758852187918,3,KMeans
CUST1445,0,0.06150975352749044,2,KMeans
CUST1446,0,0.13534154116869068,2,KMeans
CUST1447,0,0.07742906697527763,2,KMeans
CUST1448,0,0.12555100021825383,3,KMeans
CUST1449,0,0.059991561736332244,3,KMeans
CUST1450,0,0.12304635073442577,2,KMeans
CUST1451,0,0.08367842962504979,2,KMeans
CUST1452,0,0.11166872817639517,2,KMeans
CUST1453,0,0.11148260894485462,1,KMeans
CUST1454,0,0.06358565011311001,1,KMeans
CUST1455,0,0.0725603434124904,0,KMeans
CUST1456,0,0.09161371605386615,0,KMeans
CUST1457,0,0.047577398064647336,1,KMeans
CUST1458,0,0.08820611675772949,3,KMeans
CUST1459,0,0.043437969310911484,3,KMeans
CUST1460,0,0.15421540389955196,2,KMeans
CUST1461,0,0.08521004414343902,2,KMeans
CUST1462,0,0.08281212843183927,1,KMeans
CUST1463,0,0.10316377234169366,1,KMeans
CUST1464,1,-0.011836537853187945,3,KMeans
CUST1465,0,0.03611899438313293,1,KMeans
CUST1466,0,0.13393427640874744,2,KMeans
CUST1467,0,0.05720596715295112,0,KMeans
CUST1468,0,0.02997889076421123,3,KMeans
CUST1469,0,0.12204265355713645,1,KMeans
CUST1470,0,0.08514565996311962,2,KMeans
CUST1471,0,0.1371167137640436,2,KMeans
CUST1472,0,0.028051472329093996,0,KMeans
CUST1473,0,0.046888240343447185,3,KMeans
CUST1474,0,0.11055719658950253,1,KMeans
CUST1475,0,0.1410743808698428,2,KMeans
CUST1476,0,0.0802108604343662,1,KMeans
CUST1477,0,0.1314291478611475,3,KMeans
CUST1478,0,0.021676253256401323,4,KMeans
CUST1479,0,0.03907164266109242,2,KMeans
CUST1480,0,0.051747571475589615,4,KMeans
CUST1481,0,0.040966229211158445,3,KMeans
CUST1482,0,0.03449741455701105,1,KMeans
CUST1483,0,0.04548629979924912,0,KMeans
CUST1484,0,0.06414595845060767,2,KMeans
CUST1485,0,0.11920194313893023,1,KMeans
CUST1486,0,0.05632842949220174,3,KMeans
CUST1487,0,0.1226274514564043,1,KMeans
CUST1488,0,0.12774403724071837,2,KMeans
CUST1489,0,0.12817121311519397,0,KMeans
CUST1490,0,0.06665601648817254,2,KMeans
CUST1491,0,0.11773785273743625,2,KMeans
CUST1492,0,0.05412264788258392,2,KMeans
CUST1493,0,0.11809507680777709,3,KMeans
CUST1494,0,0.11150869165154376,2,KMeans
CUST1495,0,0.09708271490202769,0,KMeans
CUST1496,0,0.07802400890187877,3,KMeans
CUST1497,0,0.10015219131735403,2,KMeans
CUST1498,0,0.10504107053433459,1,KMeans
CUST1499,0,0.05720132846211934,2,KMeans
CUST1500,0,0.11396374436872642,1,KMeans
CUST1501,0,0.04386442647179645,1,KMeans
CUST1502,0,0.1018468962931916,0,KMeans
CUST1503,0,0.11001298930738779,0,KMeans
CUST1504,0,0.05436550129665185,4,KMeans
CUST1505,0,0.10336898877141826,1,KMeans
CUST1506,0,0.09552843091679508,2,KMeans
CUST1507,0,0.09031569608060885,1,KMeans
CUST1508,0,0.11940567176306216,2,KMeans
CUST1509,0,0.12554723850201782,2,KMeans
CUST1510,0,0.08790483086283707,0,KMeans
CUST1511,0,0.1518683662315034,2,KMeans
CUST1512,0,0.08792727736293848,3,KMeans
CUST1513,1,-0.00013239775493623096,0,KMeans
CUST1514,1,-0.009838356241453017,4,KMeans
CUST1515,0,0.04089261808974276,1,KMeans
CUST1516,0,0.03516128381110939,1,KMeans
CUST1517,0,0.13262823164271847,2,KMeans
CUST1518,0,0.06875339019505122,3,KMeans
CUST1519,0,0.08137730986273173,1,KMeans
CUST1520,0,0.14233425162860752,2,KMeans
CUST1521,0,0.05789277970840556,2,KMeans
CUST1522,0,0.16427196642847036,2,KMeans
CUST1523,0,0.053896536551246266,4,KMeans
CUST1524,0,0.11567659773585115,2,KMeans
CUST1525,0,0.02397001300882351,3,KMeans
CUST1526,0,0.0500656738087617,0,KMeans
CUST1527,0,0.04830014544055605,2,KMeans
CUST1528,0,0.08441444286051725,4,KMeans
CUST1529,0,0.007362244715139132,4,KMeans
CUST1530,0,0.06839712301723178,1,KMeans
CUST1531,0,0.1366941827807997,2,KMeans
CUST1532,0,0.060322863820042594,4,KMeans
CUST1533,0,0.13993247467484243,2,KMeans
CUST1534,0,0.06789011470204187,0,KMeans
CUST1535,0,0.09608109045224322,0,KMeans
CUST1536,0,0.09115248756570404,0,KMeans
CUST1537,0,0.1145646672990902,3,KMeans
CUST1538,0,0.1630372505492329,2,KMeans
CUST1539,0,0.1305948527820241,3,KMeans
CUST1540,0,0.025382845207922666,4,KMeans
CUST1541,0,0.08434907450193585,2,KMeans
CUST1542,0,0.09636231006533003,2,KMeans
CUST1543,0,0.09974518380395403,0,KMeans
CUST1544,0,0.06655222741024014,0,KMeans
CUST1545,0,0.15973699325105656,2,KMeans
CUST1546,0,0.07776572801257575,2,KMeans
CUST1547,0,0.01872973277141199,0,KMeans
CUST1548,0,0.15310300017491985,2,KMeans
CUST1549,0,0.06725011551167404,1,KMeans
CUST1550,0,0.09067560350755055,1,KMeans
CUST1551,0,0.04164885131673168,1,KMeans
CUST1552,0,0.09357944600149992,3,KMeans
CUST1553,0,0.01501631728458619,1,KMeans
CUST1554,0,0.12055222913281483,2,KMeans
CUST1555,0,0.07691708939006525,2,KMeans
CUST1556,0,0.06245629752262738,1,KMeans
CUST1557,0,0.06337501969703685,0,KMeans
CUST1558,0,0.10269129835048113,2,KMeans
CUST1559,0,0.1329462884610612,2,KMeans
CUST1560,0,0.11177395264948647,1,KMeans
CUST1561,0,0.11124009040578031,2,KMeans
CUST1562,0,0.048280241475831764,0,KMeans
CUST1563,0,0.0849898246805949,3,KMeans
CUST1564,1,-0.007845784654813448,3,KMeans
CUST1565,0,0.03892911514390418,2,KMeans
CUST1566,0,0.10913556076592279,3,KMeans
CUST1567,0,0.1501821160481232,2,KMeans
CUST1568,0,0.062291604547462076,4,KMeans
CUST1569,0,0.12227919174167062,3,KMeans
CUST1570,0,0.1356080033960521,2,KMeans
CUST1571,0,0.09796719089990624,2,KMeans
CUST1572,0,0.07723311087738016,0,KMeans
CUST1573,0,0.12206590392414551,2,KMeans
CUST1574,1,-0.006575625816361841,3,KMeans
CUST1575,0,0.03311157477628124,1,KMeans
CUST1576,0,0.08054224267542387,3,KMeans
CUST1577,0,0.0822454776709971,4,KMeans
CUST1578,0,0.007782501877460768,4,KMeans
CUST1579,0,0.11427214511527489,3,KMeans
CUST1580,0,0.09482103039920431,1,KMeans
CUST1581,0,0.11683277201412468,2,KMeans
CUST1582,0,0.07955674718896466,1,KMeans
CUST1583,0,0.06200044662491244,1,KMeans
CUST1584,0,0.14509449958501908,2,KMeans
CUST1585,0,0.08065758797584299,2,KMeans
CUST1586,1,-0.0017605891023705356,3,KMeans
CUST1587,0,0.08859976378605039,2,KMeans
CUST1588,0,0.0460399006880321,1,KMeans
CUST1589,0,0.08626631146251973,0,KMeans
CUST1590,0,0.07981338249369219,1,KMeans
CUST1591,0,0.03595772751476145,4,KMeans
CUST1592,0,0.0807494647203646,1,KMeans
CUST1593,0,0.05601593679556405,0,KMeans
CUST1594,0,0.08845597633646496,2,KMeans
CUST1595,0,0.10322235922198952,0,KMeans
CUST1596,0,0.0876208050321825,0,KMeans
CUST1597,0,0.1037310644138566,3,KMeans
CUST1598,0,0.0878725180949681,4,KMeans
CUST1599,0,0.11776662634670348,2,KMeans
CUST1600,0,0.06706839127482822,2,KMeans
CUST1601,0,0.05626279161989134,3,KMeans
CUST1602,0,0.14681033179742614,2,KMeans
CUST1603,0,0.15344484673226894,2,KMeans
CUST1604,0,0.16220171290636848,2,KMeans
CUST1605,0,0.113726173842575,2,KMeans
CUST1606,0,0.08649640966478855,2,KMeans
CUST1607,0,0.124137148305763,2,KMeans
CUST1608,0,0.06683728790745147,3,KMeans
CUST1609,0,0.12412224700876157,0,KMeans
CUST1610,1,-0.022620653604072616,3,KMeans
CUST1611,0,0.10255225744665292,2,KMeans
CUST1612,0,0.09870524998357633,2,KMeans
CUST1613,0,0.12565381562160194,3,KMeans
CUST1614,0,0.1012635432146351,2,KMeans
CUST1615,0,0.13138861622296116,2,KMeans
CUST1616,0,0.1070889424638174,0,KMeans
CUST1617,0,0.002894231174890849,0,KMeans
CUST1618,0,0.09267212061660668,1,KMeans
CUST1619,0,0.12406437508853158,0,KMeans
CUST1620,0,0.08716930044234783,2,KMeans
CUST1621,0,0.08864950228955948,2,KMeans
CUST1622,0,0.10479326472895562,3,KMeans
CUST1623,0,0.058226978439857136,3,KMeans
CUST1624,0,0.10723242441338249,0,KMeans
CUST1625,0,0.09108350519429309,2,KMeans
CUST1626,0,0.05669220481573789,1,KMeans
CUST1627,0,0.1278961414763632,2,KMeans
CUST1628,0,0.06490703298853162,3,KMeans
CUST1629,0,0.07903849732621882,3,KMeans
CUST1630,0,0.11187645508823285,2,KMeans
CUST1631,0,0.12955263202297707,2,KMeans
CUST1632,0,0.04997042650803318,1,KMeans
CUST1633,0,0.018813707698779547,0,KMeans
CUST1634,0,0.0930140496967794,3,KMeans
CUST1635,0,0.037719978451521974,1,KMeans
CUST1636,0,0.0715837266203615,0,KMeans
CUST1637,0,0.0947677618602748,0,KMeans
CUST1638,0,0.1224766187211665,0,KMeans
CUST1639,0,0.02055836137082112,1,KMeans
CUST1640,0,0.1409932573001365,2,KMeans
CUST1641,0,0.12332193062259439,0,KMeans
CUST1642,0,0.08712247081832225,2,KMeans
CUST1643,0,0.08805977094414097,1,KMeans
CUST1644,0,0.08200280310538888,1,KMeans
CUST1645,0,0.06401469743528099,3,KMeans
CUST1646,0,0.0362735706931161,0,KMeans
CUST1647,0,0.11216211198033449,3,KMeans
CUST1648,0,0.11570849226862606,2,KMeans
CUST1649,0,0.04501126453352822,0,KMeans
CUST1650,0,0.12271623181029684,2,KMeans
CUST1651,0,0.10400406619458047,3,KMeans
CUST1652,0,0.1446124946778407,2,KMeans
CUST1653,0,0.11149589010923144,1,KMeans
CUST1654,0,0.12150727958980218,2,KMeans
CUST1655,0,0.03376433923099598,1,KMeans
CUST1656,0,0.14598999879348862,2,KMeans
CUST1657,1,-0.012707978911825513,1,KMeans
CUST1658,0,0.06506347403043355,1,KMeans
CUST1659,0,0.11564854845569833,2,KMeans
CUST1660,0,0.1197879482595241,2,KMeans
CUST1661,0,0.10417484706929148,1,KMeans
CUST1662,0,0.16431348225343012,2,KMeans
CUST1663,0,0.0748514949045731,2,KMeans
CUST1664,0,0.08148825445902441,1,KMeans
CUST1665,0,0.07946178365505407,1,KMeans
CUST1666,0,0.06783017738129071,1,KMeans
CUST1667,0,0.14138401342524493,2,KMeans
CUST1668,0,0.11989427502425298,0,KMeans
CUST1669,0,0.05793632349853717,4,KMeans
CUST1670,0,0.05940828455052005,3,KMeans
CUST1671,0,0.10255162286815034,3,KMeans
CUST1672,0,0.035101126542638195,4,KMeans
CUST1673,1,-0.07472318794404487,3,KMeans
CUST1674,0,0.0713394097269402,3,KMeans
CUST1675,0,0.001709088570520878,1,KMeans
CUST1676,0,0.1084027360864585,2,KMeans
CUST1677,0,0.06007555251728369,1,KMeans
CUST1678,0,0.08695531536261991,0,KMeans
CUST1679,0,0.09131270141474224,4,KMeans
CUST1680,0,0.1205594363815995,1,KMeans
CUST1681,0,0.16203277807577432,2,KMeans
CUST1682,0,0.08900408319837783,2,KMeans
CUST1683,0,0.11871107992021601,2,KMeans
CUST1684,0,0.027645880123545408,1,KMeans
CUST1685,1,-0.004288436612098656,1,KMeans
CUST1686,0,0.09707272961025604,0,KMeans
CUST1687,0,0.11303501204160304,1,KMeans
CUST1688,0,0.08647984987383239,0,KMeans
CUST1689,0,0.13492779905746038,2,KMeans
CUST1690,0,0.09510504693047239,0,KMeans
CUST1691,0,0.038413032488464505,4,KMeans
CUST1692,0,0.15330412428714718,2,KMeans
CUST1693,0,0.06777216282031029,2,KMeans
CUST1694,0,0.09807329714598689,3,KMeans
CUST1695,0,0.09894214289575876,0,KMeans
CUST1696,0,0.07630397248826348,2,KMeans
CUST1697,0,0.12020054039746875,1,KMeans
CUST1698,0,0.09179503001811884,1,KMeans
CUST1699,0,0.12953888834310495,0,KMeans
CUST1700,0,0.12075425001445422,1,KMeans
CUST1701,0,0.08864320582445451,4,KMeans
CUST1702,0,0.09182694942292335,2,KMeans
CUST1703,0,0.07382323189757645,1,KMeans
CUST1704,0,0.09665319850685117,2,KMeans
CUST1705,0,0.10129401661141568,0,KMeans
CUST1706,0,0.07791227044014104,1,KMeans
CUST1707,0,0.14107168281663207,2,KMeans
CUST1708,0,0.01291421369245005,4,KMeans
CUST1709,0,0.09401217267022244,1,KMeans
CUST1710,0,0.11903514457885433,2,KMeans
CUST1711,0,0.05796679194429688,3,KMeans
CUST1712,0,0.03728065292390137,0,KMeans
CUST1713,0,0.15744092607208204,2,KMeans
CUST1714,0,0.13367466746322554,3,KMeans
CUST1715,0,0.0812742252357922,3,KMeans
CUST1716,0,0.03747198778247207,4,KMeans
CUST1717,0,0.08108765131045248,1,KMeans
CUST1718,0,0.11400323927134065,0,KMeans
CUST1719,0,0.11624173576215002,2,KMeans
CUST1720,0,0.1004746087684093,1,KMeans
CUST1721,0,0.09475118758713263,2,KMeans
CUST1722,1,-0.09519725102043419,3,KMeans
CUST1723,0,0.06761733887425936,0,KMeans
CUST1724,0,0.08066340155651675,0,KMeans
CUST1725,0,0.10451649357356196,1,KMeans
CUST1726,0,0.02998027356719868,3,KMeans
CUST1727,0,0.129892992250898,2,KMeans
CUST1728,0,0.056591990242506496,1,KMeans
CUST1729,0,0.014619422830141393,1,KMeans
CUST1730,0,0.09187776759435251,1,KMeans
CUST1731,0,0.13071886558434997,2,KMeans
CUST1732,0,0.09892496653760219,1,KMeans
CUST1733,0,0.05744933142198527,1,KMeans
CUST1734,0,0.11247381178626936,2,KMeans
CUST1735,0,0.033251020997075775,3,KMeans
CUST1736,0,0.1288820872585712,2,KMeans
CUST1737,0,0.11457536789011613,2,KMeans
CUST1738,0,0.09391085160672963,0,KMeans
CUST1739,0,0.06122759883531104,1,KMeans
CUST1740,0,0.09131814761063595,1,KMeans
CUST1741,0,0.10850278799621754,3,KMeans
CUST1742,0,0.14283981796129697,2,KMeans
CUST1743,0,0.02039217263915194,1,KMeans
CUST1744,0,0.101629236128432,1,KMeans
CUST1745,0,0.05983023376993457,1,KMeans
CUST1746,0,0.09343090707606272,2,KMeans
CUST1747,0,0.08851211626336841,0,KMeans
CUST1748,0,0.13655822904346204,3,KMeans
CUST1749,0,0.14967288328345607,2,KMeans
CUST1750,0,0.14138425562203016,2,KMeans
CUST1751,0,0.15083582604236168,2,KMeans
CUST1752,0,0.03886125432079668,3,KMeans
CUST1753,0,0.08878179647651796,2,KMeans
CUST1754,0,0.04826126904498784,1,KMeans
CUST1755,0,0.09295870871061496,1,KMeans
CUST1756,0,0.07761358314129829,0,KMeans
CUST1757,0,0.1361131403318558,2,KMeans
CUST1758,0,0.15171780938837548,2,KMeans
CUST1759,0,0.04453231821527981,4,KMeans
CUST1760,0,0.050423708717538984,4,KMeans
CUST1761,0,0.03458248755486071,1,KMeans
CUST1762,0,0.026311871575507517,3,KMeans
CUST1763,0,0.16399784310207294,2,KMeans
CUST1764,0,0.12203352123902811,1,KMeans
CUST1765,0,0.11718907279753882,2,KMeans
CUST1766,0,0.13137162994487,2,KMeans
CUST1767,0,0.09994777875890104,1,KMeans
CUST1768,0,0.09599463075647952,0,KMeans
CUST1769,0,0.07673474900994603,1,KMeans
CUST1770,0,0.10600144650340304,2,KMeans
CUST1771,0,0.07911513428727013,2,KMeans
CUST1772,0,0.10529529856863046,0,KMeans
CUST1773,0,0.15058915971119075,2,KMeans
CUST1774,0,0.10746872629115978,0,KMeans
CUST1775,0,0.12889486294643426,2,KMeans
CUST1776,0,0.04759362941107925,1,KMeans
CUST1777,0,0.060447014667279975,3,KMeans
CUST1778,0,0.12719766966306228,2,KMeans
CUST1779,0,0.13641423441136208,2,KMeans
CUST1780,0,0.007156441063267849,4,KMeans
CUST1781,0,0.06796631912643814,0,KMeans
CUST1782,0,0.12209800877361277,2,KMeans
CUST1783,0,0.13157754668023963,2,KMeans
CUST1784,0,0.024792653935616693,0,KMeans
CUST1785,0,0.012423387326469637,4,KMeans
CUST1786,0,0.11654942641496863,2,KMeans
CUST1787,0,0.0995218847238919,3,KMeans
CUST1788,0,0.036526415899053144,3,KMeans
CUST1789,0,0.13673126173874744,3,KMeans
CUST1790,0,0.14508260203065398,2,KMeans
CUST1791,0,0.014109342311293682,2,KMeans
CUST1792,0,0.1582969827183367,2,KMeans
CUST1793,0,0.06485590933380747,1,KMeans
CUST1794,0,0.028146398348768864,1,KMeans
CUST1795,0,0.05798104910829294,1,KMeans
CUST1796,0,0.08835467640371253,3,KMeans
CUST1797,0,0.07713357443959012,1,KMeans
CUST1798,1,-0.006913434923166983,1,KMeans
CUST1799,0,0.11123306024912738,2,KMeans
CUST1800,0,0.13889443013823694,2,KMeans
CUST1801,0,0.09659194788493797,0,KMeans
CUST1802,0,0.03365669330162535,0,KMeans
CUST1803,0,0.08652965322210215,1,KMeans
CUST1804,0,0.08168678861085943,1,KMeans
CUST1805,0,0.0880499377973657,1,KMeans
CUST1806,0,0.11457262896605414,0,KMeans
CUST1807,0,0.09591601063208399,2,KMeans
CUST1808,0,0.05441014460448568,0,KMeans
CUST1809,0,0.11134929551735306,1,KMeans
CUST1810,0,0.1411835395254472,2,KMeans
CUST1811,0,0.0537757578099024,1,KMeans
CUST1812,0,0.09522938956948224,3,KMeans
CUST1813,0,0.11611166773425785,2,KMeans
CUST1814,0,0.041987624257745826,1,KMeans
CUST1815,0,0.09702587018328745,1,KMeans
CUST1816,0,0.10802653278783497,2,KMeans
CUST1817,0,0.09494806904342534,3,KMeans
CUST1818,0,0.1184244017254375,1,KMeans
CUST1819,0,0.023804332440776066,1,KMeans
CUST1820,0,0.023197657601012556,3,KMeans
CUST1821,0,0.08103813545292138,0,KMeans
CUST1822,0,0.03202763090402949,4,KMeans
CUST1823,0,0.04120790257970286,1,KMeans
CUST1824,0,0.1155467391157291,2,KMeans
CUST1825,0,0.040892835502012725,0,KMeans
CUST1826,0,0.08797933722253082,0,KMeans
CUST1827,0,0.09871576820817496,2,KMeans
CUST1828,0,0.16510588950644267,2,KMeans
CUST1829,0,0.03485751930400183,1,KMeans
CUST1830,0,0.09817547446057695,1,KMeans
CUST1831,0,0.1576429836082453,2,KMeans
CUST1832,0,0.05827521454108342,4,KMeans
CUST1833,0,0.06014502854297821,0,KMeans
CUST1834,0,0.10178149902427441,1,KMeans
CUST1835,0,0.031342001430875954,3,KMeans
CUST1836,0,0.13004109833878363,3,KMeans
CUST1837,0,0.1128693515434373,2,KMeans
CUST1838,0,0.04615484518029778,3,KMeans
CUST1839,0,0.11800889986237562,0,KMeans
CUST1840,0,0.10664098713588138,0,KMeans
CUST1841,0,0.05852990472578201,2,KMeans
CUST1842,0,0.14874717150886424,2,KMeans
CUST1843,0,0.09295736525099352,0,KMeans
CUST1844,1,-0.0036176615087147868,3,KMeans
CUST1845,0,0.0872793012170725,1,KMeans
CUST1846,0,0.06687593802350222,1,KMeans
CUST1847,0,0.13722820829297044,2,KMeans
CUST1848,0,0.06812612747687952,2,KMeans
CUST1849,0,0.15196845973982204,2,KMeans
CUST1850,0,0.12696128444615357,2,KMeans
CUST1851,0,0.02465755496612132,4,KMeans
CUST1852,0,0.07015063208175476,3,KMeans
CUST1853,1,-0.0012084002641044034,1,KMeans
CUST1854,0,0.07057481792510079,2,KMeans
CUST1855,0,0.09568497764830763,2,KMeans
CUST1856,0,0.14862066095716592,2,KMeans
CUST1857,0,0.016490569318536874,0,KMeans
CUST1858,0,0.05095388181439364,0,KMeans
CUST1859,0,0.04386645157331326,3,KMeans
CUST1860,1,-0.02834610494919143,3,KMeans
CUST1861,0,0.16003175526117014,2,KMeans
CUST1862,0,0.07606500131280325,2,KMeans
CUST1863,0,0.06522512265232383,1,KMeans
CUST1864,0,0.14478098419723223,2,KMeans
CUST1865,0,0.10214688961610263,0,KMeans
CUST1866,0,0.09377959065421038,2,KMeans
CUST1867,0,0.09915094981921935,1,KMeans
CUST1868,0,0.009703170996933186,4,KMeans
CUST1869,0,0.13144021804812855,2,KMeans
CUST1870,1,-0.08410048831605754,4,KMeans
CUST1871,1,-0.005901375408149945,1,KMeans
CUST1872,0,0.03902971099547359,4,KMeans
CUST1873,0,0.1342119434378667,2,KMeans
CUST1874,0,0.0582513124516294,3,KMeans
CUST1875,0,0.11042142122803539,2,KMeans
CUST1876,0,0.04569989371137351,1,KMeans
CUST1877,0,0.014323496510164402,1,KMeans
CUST1878,0,0.0603902175968658,0,KMeans
CUST1879,0,0.027829173673397656,2,KMeans
CUST1880,0,0.14322463138657782,2,KMeans
CUST1881,0,0.07596826157597936,4,KMeans
CUST1882,0,0.09395739227907829,2,KMeans
CUST1883,1,-0.053551919989840546,3,KMeans
CUST1884,0,0.03589365336687855,0,KMeans
CUST1885,0,0.07098032082269745,1,KMeans
CUST1886,0,0.1260131138643215,0,KMeans
CUST1887,0,0.1535596652751583,2,KMeans
CUST1888,0,0.15258139000299592,2,KMeans
CUST1889,0,0.04990137667629235,1,KMeans
CUST1890,0,0.13650484805940888,2,KMeans
CUST1891,0,0.15880001741417565,2,KMeans
CUST1892,0,0.030580382898035774,0,KMeans
CUST1893,0,0.09406394478869629,0,KMeans
CUST1894,0,0.11101196188782508,2,KMeans
CUST1895,0,0.10735421988636207,2,KMeans
CUST1896,0,0.0336187451664427,0,KMeans
CUST1897,0,0.11027800564805651,2,KMeans
CUST1898,0,0.04435005045831286,2,KMeans
CUST1899,0,0.1357916183579907,2,KMeans
CUST1900,0,0.139909081692759,2,KMeans
CUST1901,0,0.14480371712048984,2,KMeans
CUST1902,0,0.04674602587812393,4,KMeans
CUST1903,0,0.030546045972803304,0,KMeans
CUST1904,0,0.10705751283881298,1,KMeans
CUST1905,0,0.080245763813097,2,KMeans
CUST1906,0,0.02425108372353335,1,KMeans
CUST1907,0,0.09390952985881806,3,KMeans
CUST1908,0,0.10761204710675165,2,KMeans
CUST1909,0,0.1098008590700591,2,KMeans
CUST1910,0,0.09801940302123513,1,KMeans
CUST1911,0,0.09638776974117347,2,KMeans
CUST1912,0,0.02233889661692512,1,KMeans
CUST1913,0,0.03379695845754194,2,KMeans
CUST1914,0,0.12717917608418616,0,KMeans
CUST1915,0,0.0854808246311034,1,KMeans
CUST1916,0,0.04045297036480655,0,KMeans
CUST1917,0,0.018214014513816768,1,KMeans
CUST1918,0,0.04331515042751055,1,KMeans
CUST1919,0,0.0368589910862791,2,KMeans
CUST1920,0,0.08811743951322237,1,KMeans
CUST1921,0,0.08900284747982079,2,KMeans
CUST1922,0,0.11703689425483932,2,KMeans
CUST1923,0,0.13635934039049774,2,KMeans
CUST1924,0,0.08778438195693139,1,KMeans
CUST1925,0,0.09247386320803164,3,KMeans
CUST1926,0,8.345495198680553e-05,4,KMeans
CUST1927,0,0.14436574428993626,2,KMeans
CUST1928,0,0.05805654182297615,2,KMeans
CUST1929,0,0.09266923677170968,3,KMeans
CUST1930,0,0.009408989924830968,0,KMeans
CUST1931,0,0.01940972248350392,2,KMeans
CUST1932,0,0.11107136152152391,0,KMeans
CUST1933,0,0.013985220998991021,2,KMeans
CUST1934,0,0.10518949592332749,2,KMeans
CUST1935,0,0.0647671001430361,0,KMeans
CUST1936,0,0.09586075577682218,2,KMeans
CUST1937,0,0.13153990582779357,2,KMeans
CUST1938,0,0.05977319015796689,3,KMeans
CUST1939,0,0.08532941075971323,1,KMeans
CUST1940,0,0.06208576607887628,4,KMeans
CUST1941,1,-0.011435872511751932,3,KMeans
CUST1942,0,0.1534497786336011,2,KMeans
CUST1943,0,0.15603779248863653,2,KMeans
CUST1944,0,0.03321695220429477,1,KMeans
CUST1945,0,0.05335338637305953,4,KMeans
CUST1946,0,0.16528441087833712,2,KMeans
CUST1947,0,0.09007966646853471,1,KMeans
CUST1948,0,0.07907065704127736,1,KMeans
CUST1949,0,0.14292291774087362,3,KMeans
CUST1950,0,0.059444246728617034,1,KMeans
CUST1951,0,0.12306148021210694,2,KMeans
CUST1952,0,0.14860862002849046,2,KMeans
CUST1953,0,0.1055891988174934,3,KMeans
CUST1954,0,0.06812546446893464,1,KMeans
CUST1955,0,0.09245983877213482,3,KMeans
CUST1956,0,0.0590018537966045,2,KMeans
CUST1957,0,0.03482558171938599,0,KMeans
CUST1958,0,0.09088199635839567,2,KMeans
CUST1959,0,0.07517500567006297,3,KMeans
CUST1960,0,0.12182958225386442,3,KMeans
CUST1961,0,0.11020566544909044,2,KMeans
CUST1962,0,0.07761175758115535,1,KMeans
CUST1963,0,0.03247544270440328,1,KMeans
CUST1964,0,0.12933036035508855,2,KMeans
CUST1965,0,0.052597379321534854,4,KMeans
CUST1966,0,0.05387075548786435,0,KMeans
CUST1967,0,0.06991403569204435,4,KMeans
CUST1968,0,0.15325736323755695,2,KMeans
CUST1969,0,0.05584753011596344,1,KMeans
CUST1970,0,0.11217834553195405,1,KMeans
CUST1971,0,0.09661225606497048,0,KMeans
CUST1972,0,0.03337378710078476,4,KMeans
CUST1973,0,0.10366990538938747,2,KMeans
CUST1974,0,0.06267485010203278,1,KMeans
CUST1975,0,0.1615821929891163,2,KMeans
CUST1976,0,0.04889617651968903,4,KMeans
CUST1977,0,0.0668440306222099,2,KMeans
CUST1978,0,0.16261928445268214,2,KMeans
CUST1979,0,0.06283293124396805,3,KMeans
CUST1980,0,0.07645939508603805,3,KMeans
CUST1981,0,0.07257014153699481,3,KMeans
CUST1982,0,0.027551106288858263,2,KMeans
CUST1983,0,0.164473934258478,2,KMeans
CUST1984,0,0.025017371164086755,0,KMeans
CUST1985,0,0.06333484380023291,0,KMeans
CUST1986,0,0.07648457691983335,0,KMeans
CUST1987,0,0.021540029587131526,3,KMeans
CUST1988,0,0.10979709579071201,3,KMeans
CUST1989,0,0.12558587117797715,0,KMeans
CUST1990,0,0.04177227386118543,4,KMeans
CUST1991,0,0.14919796377769956,2,KMeans
CUST1992,0,0.06806757274168473,0,KMeans
CUST1993,0,0.12610624656388214,2,KMeans
CUST1994,0,0.14100546445168177,2,KMeans
CUST1995,0,0.09225226231518247,4,KMeans
CUST1996,0,0.11237459928813337,0,KMeans
CUST1997,0,0.07925382131816539,0,KMeans
CUST1998,0,0.10237438166123403,0,KMeans
CUST1999,0,0.0722975900641124,3,KMeans
CUST2000,0,0.1289569536792311,2,KMeans
