customer_id,frequency_count,monetary_total,avg_order_value,weekend_ratio,lunch_ratio,snacks_ratio,dinner_ratio,last_date,recency_days,avg_customer_age,dominant_gender,cluster_kmeans,cluster_dbscan,cluster_gmm,cluster_hierarchical
CUST1001,1,34,34.0,1.0,1.0,0.0,0.0,2024-01-07 19:17:00,173,38.0,M,2,-1,2,4
CUST1002,1,142,142.0,0.0,1.0,0.0,0.0,2024-01-09 08:05:00,172,36.0,F,2,0,2,0
CUST1003,1,105,105.0,0.0,1.0,0.0,0.0,2024-06-27 14:21:00,2,42.0,M,2,0,2,0
CUST1004,1,85,85.0,0.0,0.0,0.0,1.0,2024-03-29 17:16:00,92,21.0,F,1,1,1,1
CUST1005,1,205,205.0,1.0,0.0,1.0,0.0,2024-06-29 09:02:00,0,36.0,M,4,-1,4,3
CUST1006,1,125,125.0,1.0,1.0,0.0,0.0,2024-02-11 13:22:00,139,38.0,F,2,5,2,4
CUST1007,1,121,121.0,0.0,1.0,0.0,0.0,2024-06-12 19:35:00,16,30.0,F,2,0,2,0
CUST1008,1,59,59.0,1.0,0.0,1.0,0.0,2024-02-24 17:56:00,126,26.0,M,0,-1,4,3
CUST1009,1,80,80.0,0.0,0.0,1.0,0.0,2024-02-05 11:47:00,145,22.0,F,0,2,0,3
CUST1010,1,60,60.0,0.0,0.0,0.0,1.0,2024-01-24 20:03:00,156,34.0,F,1,1,1,1
CUST1011,1,130,130.0,0.0,0.0,0.0,1.0,2024-04-08 14:38:00,82,37.0,M,1,1,1,1
CUST1012,1,205,205.0,1.0,0.0,0.0,0.0,2024-04-21 10:29:00,69,21.0,F,3,-1,3,4
CUST1013,1,108,108.0,1.0,0.0,0.0,1.0,2024-02-11 16:49:00,139,22.0,F,1,-1,1,1
CUST1014,1,54,54.0,1.0,0.0,0.0,1.0,2024-03-02 08:15:00,119,29.0,F,1,-1,1,1
CUST1015,1,85,85.0,0.0,0.0,0.0,1.0,2024-02-02 18:30:00,147,42.0,M,1,1,1,1
CUST1016,1,85,85.0,0.0,0.0,1.0,0.0,2024-03-20 14:42:00,101,24.0,M,0,2,0,3
CUST1017,1,280,280.0,0.0,0.0,0.0,0.0,2024-05-30 11:00:00,30,18.0,M,3,-1,3,2
CUST1018,1,200,200.0,1.0,0.0,1.0,0.0,2024-02-24 16:08:00,126,26.0,F,4,-1,4,3
CUST1019,1,70,70.0,0.0,0.0,1.0,0.0,2024-04-15 15:55:00,75,29.0,F,0,2,0,3
CUST1020,1,52,52.0,0.0,1.0,0.0,0.0,2024-02-05 14:11:00,145,24.0,F,2,0,2,0
CUST1021,1,100,100.0,0.0,1.0,0.0,0.0,2024-01-24 20:54:00,156,19.0,M,2,0,2,0
CUST1022,1,160,160.0,0.0,0.0,0.0,1.0,2024-01-01 14:16:00,180,23.0,F,1,1,1,1
CUST1023,1,221,221.0,1.0,0.0,1.0,0.0,2024-03-16 11:03:00,105,22.0,M,4,-1,4,3
CUST1024,1,16,16.0,1.0,0.0,0.0,0.0,2024-02-17 09:38:00,133,19.0,M,2,-1,3,0
CUST1025,1,230,230.0,0.0,0.0,1.0,0.0,2024-06-07 09:26:00,22,36.0,M,4,-1,0,2
CUST1026,1,16,16.0,1.0,0.0,1.0,0.0,2024-04-27 13:59:00,63,22.0,F,0,-1,4,3
CUST1027,1,90,90.0,0.0,0.0,0.0,1.0,2024-05-09 12:08:00,51,20.0,M,1,1,1,1
CUST1028,1,231,231.0,0.0,1.0,0.0,0.0,2024-06-05 20:41:00,23,32.0,F,3,0,2,0
CUST1029,1,176,176.0,1.0,1.0,0.0,0.0,2024-03-10 12:38:00,111,41.0,M,3,-1,2,4
CUST1030,1,89,89.0,0.0,1.0,0.0,0.0,2024-03-11 08:00:00,110,20.0,F,2,0,2,0
CUST1031,1,175,175.0,0.0,0.0,0.0,0.0,2024-05-23 08:07:00,37,35.0,F,2,3,3,0
CUST1032,1,136,136.0,0.0,1.0,0.0,0.0,2024-04-01 11:43:00,89,29.0,M,2,0,2,0
CUST1033,1,75,75.0,0.0,0.0,0.0,1.0,2024-03-01 10:51:00,120,37.0,M,1,1,1,1
CUST1034,1,86,86.0,1.0,0.0,1.0,0.0,2024-03-09 10:50:00,112,43.0,M,0,-1,4,3
CUST1035,1,370,370.0,0.0,0.0,1.0,0.0,2024-02-28 11:01:00,122,29.0,F,4,-1,0,2
CUST1036,1,92,92.0,1.0,0.0,0.0,1.0,2024-06-22 16:21:00,7,29.0,F,1,-1,1,1
CUST1037,1,151,151.0,1.0,0.0,1.0,0.0,2024-06-01 14:22:00,28,19.0,M,4,-1,4,3
CUST1038,1,270,270.0,1.0,0.0,0.0,1.0,2024-04-21 08:33:00,69,26.0,M,1,-1,1,1
CUST1039,1,135,135.0,1.0,0.0,1.0,0.0,2024-03-17 16:19:00,104,39.0,M,0,-1,4,3
CUST1040,1,116,116.0,0.0,1.0,0.0,0.0,2024-06-06 17:19:00,23,39.0,M,2,0,2,0
CUST1041,1,165,165.0,0.0,0.0,1.0,0.0,2024-04-29 15:28:00,61,43.0,F,0,2,0,3
CUST1042,1,15,15.0,0.0,0.0,0.0,1.0,2024-06-21 12:14:00,8,44.0,M,1,1,1,1
CUST1043,1,15,15.0,0.0,0.0,1.0,0.0,2024-04-26 14:56:00,64,37.0,M,0,2,0,3
CUST1044,1,170,170.0,1.0,1.0,0.0,0.0,2024-01-28 20:27:00,152,22.0,M,3,-1,2,4
CUST1045,1,95,95.0,0.0,0.0,1.0,0.0,2024-06-19 16:35:00,10,43.0,F,0,2,0,3
CUST1046,1,194,194.0,0.0,1.0,0.0,0.0,2024-04-25 12:48:00,65,41.0,F,3,0,2,0
CUST1047,1,21,21.0,0.0,1.0,0.0,0.0,2024-03-26 13:57:00,95,25.0,F,2,0,2,0
CUST1048,1,79,79.0,0.0,1.0,0.0,0.0,2024-01-17 14:26:00,164,40.0,M,2,0,2,0
CUST1049,1,147,147.0,0.0,1.0,0.0,0.0,2024-05-02 08:22:00,58,45.0,F,2,0,2,0
CUST1050,1,200,200.0,0.0,0.0,0.0,1.0,2024-03-27 18:43:00,93,18.0,F,1,1,1,1
CUST1051,1,184,184.0,1.0,0.0,0.0,0.0,2024-02-04 15:11:00,146,20.0,F,3,-1,3,4
CUST1052,1,245,245.0,0.0,0.0,0.0,0.0,2024-03-05 09:30:00,116,26.0,F,3,-1,3,2
CUST1053,1,113,113.0,1.0,1.0,0.0,0.0,2024-01-06 17:09:00,175,25.0,M,2,-1,2,4
CUST1054,1,76,76.0,1.0,0.0,1.0,0.0,2024-02-11 12:06:00,139,23.0,M,0,-1,4,3
CUST1055,1,215,215.0,0.0,1.0,0.0,0.0,2024-06-24 17:51:00,5,21.0,F,3,0,2,2
CUST1056,1,119,119.0,1.0,0.0,0.0,1.0,2024-05-05 09:27:00,55,45.0,F,1,-1,1,1
CUST1057,1,170,170.0,0.0,0.0,0.0,1.0,2024-05-31 12:20:00,29,32.0,F,1,-1,1,1
CUST1058,1,125,125.0,1.0,1.0,0.0,0.0,2024-05-25 17:42:00,35,42.0,F,2,5,2,4
CUST1059,1,193,193.0,1.0,1.0,0.0,0.0,2024-03-31 20:16:00,89,33.0,M,3,4,2,4
CUST1060,1,52,52.0,0.0,1.0,0.0,0.0,2024-06-14 19:31:00,14,40.0,F,2,0,2,0
CUST1061,1,284,284.0,0.0,1.0,0.0,0.0,2024-03-19 18:37:00,101,40.0,M,3,7,2,2
CUST1062,1,90,90.0,0.0,0.0,1.0,0.0,2024-03-05 11:07:00,116,26.0,F,0,2,0,3
CUST1063,1,116,116.0,0.0,1.0,0.0,0.0,2024-01-26 11:18:00,155,41.0,F,2,0,2,0
CUST1064,1,59,59.0,1.0,0.0,1.0,0.0,2024-01-14 16:18:00,167,26.0,M,0,-1,4,3
CUST1065,1,178,178.0,0.0,1.0,0.0,0.0,2024-04-30 15:28:00,60,36.0,F,2,0,2,0
CUST1066,1,110,110.0,0.0,0.0,1.0,0.0,2024-04-12 15:04:00,78,21.0,M,0,2,0,3
CUST1067,1,100,100.0,0.0,0.0,1.0,0.0,2024-06-04 17:50:00,25,21.0,F,0,2,0,3
CUST1068,1,63,63.0,0.0,1.0,0.0,0.0,2024-02-23 18:13:00,126,37.0,M,2,0,2,0
CUST1069,1,124,124.0,1.0,0.0,1.0,0.0,2024-04-14 15:44:00,76,23.0,M,0,-1,4,3
CUST1070,1,180,180.0,0.0,0.0,1.0,0.0,2024-03-08 20:50:00,112,20.0,M,0,2,0,3
CUST1071,1,180,180.0,0.0,0.0,1.0,0.0,2024-02-12 20:19:00,137,20.0,M,0,2,0,3
CUST1072,1,185,185.0,0.0,0.0,0.0,0.0,2024-04-22 09:38:00,68,34.0,F,3,3,3,0
CUST1073,1,130,130.0,0.0,0.0,1.0,0.0,2024-05-27 08:48:00,33,42.0,F,0,2,0,3
CUST1074,1,94,94.0,0.0,1.0,0.0,0.0,2024-01-24 15:22:00,157,38.0,F,2,0,2,0
CUST1075,1,230,230.0,0.0,0.0,0.0,0.0,2024-05-20 08:29:00,40,39.0,F,3,-1,3,0
CUST1076,1,152,152.0,0.0,1.0,0.0,0.0,2024-04-15 08:12:00,75,39.0,F,2,0,2,0
CUST1077,1,60,60.0,0.0,0.0,1.0,0.0,2024-02-01 08:40:00,149,40.0,F,0,2,0,3
CUST1078,1,50,50.0,0.0,0.0,0.0,1.0,2024-01-24 11:53:00,157,35.0,F,1,1,1,1
CUST1079,1,121,121.0,0.0,1.0,0.0,0.0,2024-04-30 11:29:00,60,31.0,F,2,0,2,0
CUST1080,1,116,116.0,0.0,1.0,0.0,0.0,2024-03-28 20:32:00,92,26.0,F,2,0,2,0
CUST1081,1,200,200.0,0.0,1.0,0.0,0.0,2024-04-24 16:30:00,66,45.0,M,3,0,2,0
CUST1082,1,170,170.0,0.0,0.0,0.0,0.0,2024-02-29 20:26:00,120,36.0,F,2,3,3,0
CUST1083,1,42,42.0,0.0,1.0,0.0,0.0,2024-02-02 16:37:00,148,33.0,M,2,0,2,0
CUST1084,1,140,140.0,1.0,0.0,0.0,0.0,2024-04-14 18:09:00,75,18.0,M,2,-1,3,4
CUST1085,1,270,270.0,1.0,0.0,0.0,0.0,2024-05-18 08:39:00,42,28.0,F,3,-1,3,4
CUST1086,1,135,135.0,0.0,0.0,0.0,0.0,2024-06-26 12:57:00,3,32.0,M,2,3,3,0
CUST1087,1,52,52.0,0.0,1.0,0.0,0.0,2024-05-24 18:50:00,35,34.0,F,2,0,2,0
CUST1088,1,215,215.0,0.0,1.0,0.0,0.0,2024-05-07 17:09:00,53,37.0,M,3,0,2,0
CUST1089,1,135,135.0,0.0,0.0,0.0,1.0,2024-01-19 15:22:00,162,39.0,M,1,1,1,1
CUST1090,1,297,297.0,1.0,0.0,1.0,0.0,2024-01-28 11:24:00,153,45.0,F,4,-1,4,2
CUST1091,1,168,168.0,0.0,1.0,0.0,0.0,2024-03-14 20:51:00,106,37.0,F,2,0,2,0
CUST1092,1,176,176.0,1.0,1.0,0.0,0.0,2024-06-09 18:02:00,19,38.0,M,3,4,2,4
CUST1093,1,130,130.0,0.0,0.0,0.0,1.0,2024-02-14 11:08:00,136,28.0,F,1,1,1,1
CUST1094,1,91,91.0,1.0,1.0,0.0,0.0,2024-03-16 19:55:00,104,44.0,F,2,5,2,4
CUST1095,1,211,211.0,1.0,0.0,0.0,1.0,2024-06-22 19:43:00,6,42.0,M,1,-1,1,1
CUST1096,1,130,130.0,0.0,0.0,1.0,0.0,2024-06-12 13:06:00,17,36.0,F,0,2,0,3
CUST1097,1,52,52.0,0.0,1.0,0.0,0.0,2024-06-28 12:41:00,1,38.0,F,2,0,2,0
CUST1098,1,178,178.0,0.0,1.0,0.0,0.0,2024-01-25 11:56:00,156,33.0,M,2,0,2,0
CUST1099,1,160,160.0,0.0,0.0,0.0,1.0,2024-04-16 18:06:00,73,36.0,M,1,1,1,1
CUST1100,1,220,220.0,0.0,1.0,0.0,0.0,2024-01-26 18:23:00,154,45.0,F,3,0,2,0
CUST1101,1,100,100.0,0.0,0.0,0.0,1.0,2024-06-13 18:38:00,15,20.0,M,1,1,1,1
CUST1102,1,94,94.0,0.0,1.0,0.0,0.0,2024-01-18 20:35:00,162,43.0,M,2,0,2,0
CUST1103,1,32,32.0,0.0,1.0,0.0,0.0,2024-03-11 10:08:00,110,43.0,M,2,0,2,0
CUST1104,1,79,79.0,0.0,1.0,0.0,0.0,2024-04-01 20:50:00,88,22.0,M,2,0,2,0
CUST1105,1,190,190.0,0.0,0.0,0.0,1.0,2024-01-17 15:28:00,164,34.0,M,1,1,1,1
CUST1106,1,131,131.0,0.0,1.0,0.0,0.0,2024-01-16 15:54:00,165,32.0,M,2,0,2,0
CUST1107,1,68,68.0,1.0,1.0,0.0,0.0,2024-06-08 18:37:00,20,22.0,F,2,-1,2,4
CUST1108,1,248,248.0,1.0,0.0,1.0,0.0,2024-06-16 18:56:00,12,21.0,M,4,-1,4,3
CUST1109,1,75,75.0,0.0,0.0,1.0,0.0,2024-03-21 14:20:00,100,31.0,M,0,2,0,3
CUST1110,1,300,300.0,0.0,0.0,1.0,0.0,2024-04-05 20:08:00,84,31.0,M,4,-1,0,2
CUST1111,1,142,142.0,0.0,1.0,0.0,0.0,2024-03-14 17:19:00,107,45.0,M,2,0,2,0
CUST1112,1,159,159.0,1.0,1.0,0.0,0.0,2024-05-26 11:51:00,34,21.0,F,3,-1,2,4
CUST1113,1,20,20.0,0.0,0.0,1.0,0.0,2024-02-16 10:36:00,134,29.0,M,0,2,0,3
CUST1114,1,238,238.0,1.0,1.0,0.0,0.0,2024-04-06 14:29:00,84,20.0,M,3,-1,2,4
CUST1115,1,92,92.0,1.0,0.0,0.0,0.0,2024-02-10 20:39:00,139,19.0,M,2,-1,3,0
CUST1116,1,130,130.0,0.0,0.0,1.0,0.0,2024-04-16 12:13:00,74,33.0,F,0,2,0,3
CUST1117,1,55,55.0,0.0,0.0,0.0,0.0,2024-05-14 18:19:00,45,39.0,F,2,-1,3,0
CUST1118,1,130,130.0,0.0,0.0,0.0,0.0,2024-03-15 13:07:00,106,42.0,F,2,3,3,0
CUST1119,1,105,105.0,0.0,1.0,0.0,0.0,2024-01-11 14:01:00,170,20.0,F,2,0,2,0
CUST1120,1,140,140.0,0.0,0.0,0.0,0.0,2024-03-15 09:25:00,106,40.0,F,2,3,3,0
CUST1121,1,34,34.0,1.0,1.0,0.0,0.0,2024-03-03 14:37:00,118,31.0,M,2,5,2,4
CUST1122,1,315,315.0,0.0,0.0,1.0,0.0,2024-02-13 09:32:00,137,25.0,F,4,-1,0,2
CUST1123,1,52,52.0,0.0,1.0,0.0,0.0,2024-02-07 12:12:00,143,25.0,M,2,0,2,0
CUST1124,1,173,173.0,1.0,0.0,1.0,0.0,2024-06-23 17:41:00,6,32.0,F,4,-1,4,3
CUST1125,1,74,74.0,1.0,1.0,0.0,0.0,2024-03-31 16:04:00,90,36.0,M,2,5,2,4
CUST1126,1,146,146.0,1.0,0.0,0.0,1.0,2024-04-28 17:35:00,62,37.0,F,1,6,1,1
CUST1127,1,26,26.0,0.0,1.0,0.0,0.0,2024-03-28 19:05:00,92,32.0,M,2,0,2,0
CUST1128,1,131,131.0,0.0,1.0,0.0,0.0,2024-04-03 13:58:00,87,32.0,M,2,0,2,0
CUST1129,1,178,178.0,0.0,1.0,0.0,0.0,2024-05-22 18:24:00,37,28.0,M,2,0,2,0
CUST1130,1,65,65.0,0.0,0.0,1.0,0.0,2024-03-20 16:24:00,101,22.0,M,0,2,0,3
CUST1131,1,242,242.0,0.0,1.0,0.0,0.0,2024-03-20 10:13:00,101,18.0,F,3,0,2,2
CUST1132,1,145,145.0,0.0,0.0,0.0,1.0,2024-05-09 20:34:00,50,45.0,M,1,1,1,1
CUST1133,1,40,40.0,0.0,0.0,1.0,0.0,2024-01-12 14:23:00,169,41.0,F,0,2,0,3
CUST1134,1,136,136.0,0.0,1.0,0.0,0.0,2024-03-20 20:50:00,100,25.0,M,2,0,2,0
CUST1135,1,79,79.0,1.0,1.0,0.0,0.0,2024-04-07 16:33:00,83,32.0,F,2,5,2,4
CUST1136,1,124,124.0,1.0,0.0,0.0,1.0,2024-01-14 18:30:00,166,45.0,F,1,-1,1,1
CUST1137,1,68,68.0,0.0,1.0,0.0,0.0,2024-01-24 11:52:00,157,44.0,F,2,0,2,0
CUST1138,1,105,105.0,0.0,1.0,0.0,0.0,2024-04-05 11:01:00,85,30.0,M,2,0,2,0
CUST1139,1,173,173.0,0.0,1.0,0.0,0.0,2024-04-30 19:53:00,59,19.0,F,2,0,2,2
CUST1140,1,26,26.0,0.0,1.0,0.0,0.0,2024-01-29 20:18:00,151,35.0,F,2,0,2,0
CUST1141,1,220,220.0,0.0,0.0,0.0,0.0,2024-05-07 17:34:00,53,20.0,M,3,-1,3,2
CUST1142,1,100,100.0,0.0,0.0,0.0,1.0,2024-05-14 13:04:00,46,23.0,M,1,1,1,1
CUST1143,1,158,158.0,0.0,1.0,0.0,0.0,2024-04-01 20:04:00,88,26.0,M,2,0,2,0
CUST1144,1,52,52.0,0.0,1.0,0.0,0.0,2024-06-27 15:40:00,2,44.0,F,2,0,2,0
CUST1145,1,210,210.0,0.0,1.0,0.0,0.0,2024-02-21 08:50:00,129,19.0,F,3,0,2,2
CUST1146,1,285,285.0,0.0,0.0,1.0,0.0,2024-03-05 08:48:00,116,44.0,F,4,-1,0,2
CUST1147,1,181,181.0,1.0,1.0,0.0,0.0,2024-04-21 14:47:00,69,43.0,F,3,-1,2,4
CUST1148,1,40,40.0,0.0,0.0,1.0,0.0,2024-04-18 09:27:00,72,43.0,M,0,2,0,3
CUST1149,1,200,200.0,0.0,1.0,0.0,0.0,2024-06-18 12:19:00,11,20.0,F,3,0,2,2
CUST1150,1,15,15.0,0.0,0.0,0.0,1.0,2024-03-11 18:50:00,109,37.0,F,1,1,1,1
CUST1151,1,52,52.0,0.0,1.0,0.0,0.0,2024-06-04 18:50:00,24,18.0,M,2,0,2,0
CUST1152,1,193,193.0,1.0,1.0,0.0,0.0,2024-05-25 08:38:00,35,29.0,F,3,4,2,4
CUST1153,1,16,16.0,0.0,1.0,0.0,0.0,2024-04-11 13:41:00,79,34.0,F,2,0,2,0
CUST1154,1,290,290.0,0.0,0.0,1.0,0.0,2024-05-23 09:16:00,37,34.0,F,4,-1,0,2
CUST1155,1,100,100.0,0.0,0.0,1.0,0.0,2024-04-25 10:57:00,65,45.0,M,0,2,0,3
CUST1156,1,302,302.0,1.0,0.0,1.0,0.0,2024-03-17 10:45:00,104,35.0,F,4,-1,4,2
CUST1157,1,173,173.0,0.0,1.0,0.0,0.0,2024-05-21 17:23:00,39,18.0,F,2,0,2,0
CUST1158,1,180,180.0,0.0,0.0,0.0,1.0,2024-05-27 09:08:00,33,42.0,F,1,1,1,1
CUST1159,1,49,49.0,1.0,0.0,0.0,1.0,2024-04-20 16:58:00,70,42.0,M,1,-1,1,1
CUST1160,1,85,85.0,0.0,0.0,0.0,1.0,2024-02-27 13:33:00,123,23.0,F,1,1,1,1
CUST1161,1,21,21.0,0.0,1.0,0.0,0.0,2024-06-06 16:05:00,23,22.0,F,2,0,2,0
CUST1162,1,255,255.0,0.0,0.0,0.0,1.0,2024-01-08 09:02:00,173,44.0,M,1,-1,1,1
CUST1163,1,150,150.0,0.0,0.0,0.0,1.0,2024-05-03 11:51:00,57,38.0,F,1,1,1,1
CUST1164,1,356,356.0,1.0,0.0,1.0,0.0,2024-04-28 11:21:00,62,31.0,F,4,-1,4,2
CUST1165,1,116,116.0,0.0,1.0,0.0,0.0,2024-03-22 11:29:00,99,34.0,M,2,0,2,0
CUST1166,1,242,242.0,0.0,1.0,0.0,0.0,2024-03-04 10:52:00,117,45.0,F,3,-1,2,0
CUST1167,1,74,74.0,0.0,1.0,0.0,0.0,2024-01-24 14:32:00,157,33.0,M,2,0,2,0
CUST1168,1,195,195.0,0.0,0.0,0.0,1.0,2024-05-06 17:56:00,54,19.0,F,1,-1,1,1
CUST1169,1,310,310.0,0.0,0.0,0.0,0.0,2024-04-03 08:25:00,87,42.0,F,3,-1,3,2
CUST1170,1,178,178.0,0.0,1.0,0.0,0.0,2024-02-02 09:25:00,148,44.0,M,2,0,2,0
CUST1171,1,125,125.0,0.0,0.0,1.0,0.0,2024-01-12 08:08:00,169,34.0,M,0,2,0,3
CUST1172,1,157,157.0,1.0,0.0,1.0,0.0,2024-02-11 14:39:00,139,28.0,F,4,-1,4,3
CUST1173,1,125,125.0,0.0,0.0,0.0,0.0,2024-04-04 13:43:00,86,33.0,M,2,3,3,0
CUST1174,1,152,152.0,0.0,1.0,0.0,0.0,2024-05-29 15:10:00,31,41.0,M,2,0,2,0
CUST1175,1,145,145.0,0.0,0.0,1.0,0.0,2024-04-17 10:26:00,73,32.0,F,0,2,0,3
CUST1176,1,147,147.0,1.0,1.0,0.0,0.0,2024-05-12 11:35:00,48,40.0,M,2,5,2,4
CUST1177,1,319,319.0,1.0,0.0,1.0,0.0,2024-06-22 20:55:00,6,35.0,F,4,-1,4,2
CUST1178,1,340,340.0,1.0,0.0,1.0,0.0,2024-06-29 11:44:00,0,42.0,F,4,-1,4,2
CUST1179,1,170,170.0,1.0,1.0,0.0,0.0,2024-05-26 18:34:00,33,27.0,M,3,-1,2,4
CUST1180,1,45,45.0,1.0,1.0,0.0,0.0,2024-06-16 12:47:00,13,29.0,F,2,5,2,4
CUST1181,1,47,47.0,0.0,1.0,0.0,0.0,2024-06-06 19:37:00,22,22.0,M,2,0,2,0
CUST1182,1,178,178.0,0.0,1.0,0.0,0.0,2024-04-15 13:45:00,75,19.0,M,3,0,2,2
CUST1183,1,90,90.0,0.0,0.0,1.0,0.0,2024-03-14 13:18:00,107,38.0,M,0,2,0,3
CUST1184,1,242,242.0,0.0,1.0,0.0,0.0,2024-02-15 08:53:00,135,23.0,F,3,0,2,2
CUST1185,1,47,47.0,0.0,1.0,0.0,0.0,2024-04-26 18:34:00,63,28.0,F,2,0,2,0
CUST1186,1,79,79.0,0.0,1.0,0.0,0.0,2024-03-25 10:46:00,96,43.0,M,2,0,2,0
CUST1187,1,170,170.0,0.0,0.0,0.0,0.0,2024-04-19 16:20:00,71,23.0,F,2,3,3,2
CUST1188,1,248,248.0,1.0,0.0,1.0,0.0,2024-03-09 13:19:00,112,25.0,F,4,-1,4,3
CUST1189,1,220,220.0,0.0,0.0,0.0,1.0,2024-06-24 16:59:00,5,23.0,F,1,-1,1,1
CUST1190,1,110,110.0,0.0,0.0,1.0,0.0,2024-06-04 13:26:00,25,22.0,F,0,2,0,3
CUST1191,1,125,125.0,0.0,0.0,0.0,0.0,2024-05-15 19:23:00,44,34.0,F,2,3,3,0
CUST1192,1,65,65.0,0.0,0.0,0.0,1.0,2024-05-29 15:05:00,31,21.0,M,1,1,1,1
CUST1193,1,100,100.0,0.0,0.0,1.0,0.0,2024-06-21 20:19:00,7,35.0,F,0,2,0,3
CUST1194,1,55,55.0,0.0,0.0,0.0,1.0,2024-06-28 09:34:00,1,31.0,F,1,-1,1,1
CUST1195,1,110,110.0,0.0,0.0,0.0,1.0,2024-06-13 19:41:00,15,23.0,M,1,1,1,1
CUST1196,1,91,91.0,1.0,1.0,0.0,0.0,2024-06-16 13:07:00,13,20.0,M,2,-1,2,4
CUST1197,1,136,136.0,0.0,1.0,0.0,0.0,2024-06-21 19:34:00,7,27.0,F,2,0,2,0
CUST1198,1,94,94.0,0.0,1.0,0.0,0.0,2024-01-09 20:42:00,171,41.0,M,2,0,2,0
CUST1199,1,90,90.0,0.0,0.0,1.0,0.0,2024-04-24 17:43:00,66,37.0,M,0,2,0,3
CUST1200,1,22,22.0,1.0,0.0,0.0,1.0,2024-05-18 11:48:00,42,32.0,M,1,-1,1,1
CUST1201,1,400,400.0,0.0,0.0,1.0,0.0,2024-05-27 17:49:00,33,25.0,F,4,-1,0,2
CUST1202,1,165,165.0,0.0,0.0,0.0,1.0,2024-03-11 08:35:00,110,31.0,F,1,1,1,1
CUST1203,1,121,121.0,0.0,1.0,0.0,0.0,2024-06-27 14:26:00,2,43.0,F,2,0,2,0
CUST1204,1,80,80.0,0.0,0.0,0.0,1.0,2024-01-15 16:26:00,166,43.0,F,1,1,1,1
CUST1205,1,85,85.0,0.0,0.0,0.0,1.0,2024-01-24 16:46:00,157,45.0,F,1,1,1,1
CUST1206,1,254,254.0,1.0,0.0,1.0,0.0,2024-02-18 20:48:00,131,45.0,M,4,-1,4,2
CUST1207,1,74,74.0,0.0,1.0,0.0,0.0,2024-01-31 19:48:00,149,24.0,M,2,0,2,0
CUST1208,1,294,294.0,0.0,1.0,0.0,0.0,2024-03-13 14:29:00,108,35.0,F,3,7,2,2
CUST1209,1,94,94.0,0.0,1.0,0.0,0.0,2024-03-22 11:23:00,99,21.0,F,2,0,2,0
CUST1210,1,227,227.0,1.0,1.0,0.0,0.0,2024-03-16 10:12:00,105,26.0,F,3,-1,2,4
CUST1211,1,242,242.0,0.0,1.0,0.0,0.0,2024-06-13 19:31:00,15,26.0,F,3,0,2,2
CUST1212,1,119,119.0,1.0,0.0,1.0,0.0,2024-01-20 18:03:00,160,34.0,M,0,-1,4,3
CUST1213,1,110,110.0,0.0,0.0,1.0,0.0,2024-04-05 08:39:00,85,34.0,F,0,2,0,3
CUST1214,1,150,150.0,0.0,0.0,1.0,0.0,2024-01-05 16:52:00,176,35.0,F,0,2,0,3
CUST1215,1,108,108.0,1.0,1.0,0.0,0.0,2024-03-31 12:50:00,90,24.0,F,2,-1,2,4
CUST1216,1,59,59.0,1.0,0.0,0.0,0.0,2024-06-16 18:48:00,12,27.0,M,2,-1,3,0
CUST1217,1,110,110.0,0.0,1.0,0.0,0.0,2024-01-22 15:54:00,159,40.0,M,2,0,2,0
CUST1218,1,210,210.0,1.0,1.0,0.0,0.0,2024-01-20 18:59:00,160,26.0,M,3,-1,2,4
CUST1219,1,151,151.0,1.0,0.0,1.0,0.0,2024-02-11 17:15:00,139,20.0,F,4,-1,4,3
CUST1220,1,113,113.0,1.0,1.0,0.0,0.0,2024-01-14 09:27:00,167,34.0,F,2,5,2,4
CUST1221,1,235,235.0,0.0,0.0,0.0,1.0,2024-01-08 18:17:00,172,42.0,F,1,-1,1,1
CUST1222,1,52,52.0,0.0,1.0,0.0,0.0,2024-01-22 20:39:00,158,23.0,F,2,0,2,0
CUST1223,1,110,110.0,0.0,0.0,0.0,0.0,2024-04-09 13:23:00,81,30.0,M,2,3,3,0
CUST1224,1,131,131.0,0.0,1.0,0.0,0.0,2024-01-23 10:27:00,158,21.0,M,2,0,2,0
CUST1225,1,84,84.0,0.0,1.0,0.0,0.0,2024-01-04 12:26:00,177,45.0,F,2,0,2,0
CUST1226,1,147,147.0,0.0,1.0,0.0,0.0,2024-06-24 14:10:00,5,36.0,M,2,0,2,0
CUST1227,1,58,58.0,0.0,1.0,0.0,0.0,2024-05-03 20:04:00,56,31.0,F,2,0,2,0
CUST1228,1,124,124.0,1.0,0.0,0.0,1.0,2024-02-04 12:00:00,146,32.0,M,1,-1,1,1
CUST1229,1,32,32.0,0.0,1.0,0.0,0.0,2024-06-03 19:12:00,25,27.0,F,2,0,2,0
CUST1230,1,152,152.0,0.0,1.0,0.0,0.0,2024-05-27 20:15:00,32,41.0,F,2,0,2,0
CUST1231,1,113,113.0,1.0,1.0,0.0,0.0,2024-04-28 19:13:00,61,39.0,M,2,5,2,4
CUST1232,1,147,147.0,0.0,1.0,0.0,0.0,2024-06-17 10:45:00,12,25.0,F,2,0,2,0
CUST1233,1,130,130.0,1.0,0.0,0.0,1.0,2024-05-19 08:50:00,41,35.0,F,1,6,1,1
CUST1234,1,85,85.0,0.0,0.0,0.0,0.0,2024-03-25 20:27:00,95,36.0,F,2,3,3,0
CUST1235,1,240,240.0,0.0,0.0,1.0,0.0,2024-04-10 15:49:00,80,32.0,F,4,-1,0,2
CUST1236,1,51,51.0,1.0,1.0,0.0,0.0,2024-03-30 12:21:00,91,21.0,M,2,-1,2,4
CUST1237,1,30,30.0,0.0,0.0,0.0,0.0,2024-06-27 15:20:00,2,21.0,F,2,-1,3,0
CUST1238,1,211,211.0,1.0,0.0,0.0,1.0,2024-06-22 20:10:00,6,38.0,M,1,-1,1,1
CUST1239,1,45,45.0,0.0,0.0,1.0,0.0,2024-06-10 10:11:00,19,25.0,F,0,2,0,3
CUST1240,1,84,84.0,0.0,1.0,0.0,0.0,2024-04-09 08:45:00,81,36.0,F,2,0,2,0
CUST1241,1,157,157.0,1.0,0.0,1.0,0.0,2024-04-27 09:16:00,63,28.0,M,4,-1,4,3
CUST1242,1,194,194.0,1.0,0.0,0.0,1.0,2024-04-27 17:11:00,63,29.0,F,1,-1,1,1
CUST1243,1,185,185.0,0.0,0.0,1.0,0.0,2024-05-10 14:26:00,50,40.0,M,4,2,0,3
CUST1244,1,204,204.0,1.0,1.0,0.0,0.0,2024-05-05 12:08:00,55,35.0,M,3,4,2,4
CUST1245,1,152,152.0,0.0,1.0,0.0,0.0,2024-05-23 16:41:00,37,44.0,F,2,0,2,0
CUST1246,1,105,105.0,0.0,1.0,0.0,0.0,2024-03-11 11:34:00,110,27.0,M,2,0,2,0
CUST1247,1,90,90.0,0.0,0.0,0.0,1.0,2024-04-22 16:13:00,68,35.0,M,1,1,1,1
CUST1248,1,97,97.0,1.0,0.0,0.0,1.0,2024-03-30 09:28:00,91,32.0,F,1,-1,1,1
CUST1249,1,25,25.0,0.0,0.0,0.0,1.0,2024-02-12 17:08:00,138,45.0,F,1,1,1,1
CUST1250,1,85,85.0,1.0,1.0,0.0,0.0,2024-03-23 19:18:00,97,37.0,M,2,5,2,4
CUST1251,1,22,22.0,1.0,0.0,0.0,1.0,2024-06-16 10:44:00,13,19.0,F,1,-1,1,1
CUST1252,1,113,113.0,1.0,0.0,1.0,0.0,2024-05-05 10:36:00,55,42.0,F,0,-1,4,3
CUST1253,1,65,65.0,0.0,0.0,0.0,1.0,2024-06-26 13:29:00,3,34.0,F,1,1,1,1
CUST1254,1,55,55.0,0.0,0.0,0.0,1.0,2024-05-16 14:13:00,44,45.0,M,1,1,1,1
CUST1255,1,100,100.0,0.0,1.0,0.0,0.0,2024-05-24 15:50:00,36,28.0,M,2,0,2,0
CUST1256,1,110,110.0,0.0,0.0,0.0,1.0,2024-01-01 14:12:00,180,32.0,F,1,1,1,1
CUST1257,1,100,100.0,0.0,0.0,1.0,0.0,2024-03-05 09:23:00,116,20.0,F,0,2,0,3
CUST1258,1,23,23.0,1.0,1.0,0.0,0.0,2024-06-29 09:00:00,0,38.0,M,2,-1,2,4
CUST1259,1,79,79.0,0.0,1.0,0.0,0.0,2024-06-27 13:52:00,2,18.0,M,2,0,2,0
CUST1260,1,21,21.0,0.0,1.0,0.0,0.0,2024-04-04 12:08:00,86,21.0,F,2,0,2,0
CUST1261,1,136,136.0,0.0,1.0,0.0,0.0,2024-04-22 13:46:00,68,37.0,M,2,0,2,0
CUST1262,1,92,92.0,1.0,0.0,0.0,1.0,2024-03-30 14:20:00,91,36.0,F,1,6,1,1
CUST1263,1,115,115.0,0.0,0.0,0.0,1.0,2024-06-25 08:54:00,4,35.0,F,1,1,1,1
CUST1264,1,164,164.0,1.0,1.0,0.0,0.0,2024-03-02 15:24:00,119,27.0,M,3,-1,2,4
CUST1265,1,173,173.0,0.0,1.0,0.0,0.0,2024-04-09 17:26:00,81,28.0,M,2,0,2,0
CUST1266,1,65,65.0,0.0,0.0,1.0,0.0,2024-05-09 12:40:00,51,19.0,F,0,2,0,3
CUST1267,1,40,40.0,0.0,0.0,0.0,1.0,2024-03-20 09:32:00,101,26.0,M,1,1,1,1
CUST1268,1,76,76.0,1.0,0.0,0.0,0.0,2024-03-02 08:15:00,119,27.0,F,2,-1,3,0
CUST1269,1,89,89.0,0.0,1.0,0.0,0.0,2024-02-05 19:00:00,144,21.0,M,2,0,2,0
CUST1270,1,113,113.0,1.0,1.0,0.0,0.0,2024-03-09 19:56:00,111,29.0,M,2,5,2,4
CUST1271,1,85,85.0,0.0,0.0,1.0,0.0,2024-03-08 19:36:00,112,34.0,M,0,2,0,3
CUST1272,1,225,225.0,0.0,0.0,0.0,1.0,2024-03-06 20:06:00,114,29.0,M,1,1,1,1
CUST1273,1,40,40.0,0.0,0.0,0.0,1.0,2024-02-08 10:59:00,142,29.0,F,1,1,1,1
CUST1274,1,180,180.0,0.0,0.0,1.0,0.0,2024-03-04 14:58:00,117,25.0,F,0,2,0,3
CUST1275,1,162,162.0,1.0,0.0,0.0,0.0,2024-05-12 08:25:00,48,23.0,M,3,-1,3,4
CUST1276,1,273,273.0,0.0,1.0,0.0,0.0,2024-03-15 17:50:00,106,29.0,M,3,7,2,2
CUST1277,1,42,42.0,0.0,1.0,0.0,0.0,2024-02-08 08:59:00,142,41.0,M,2,0,2,0
CUST1278,1,100,100.0,0.0,0.0,1.0,0.0,2024-06-17 14:54:00,12,28.0,M,0,2,0,3
CUST1279,1,270,270.0,0.0,0.0,0.0,1.0,2024-03-12 09:02:00,109,19.0,M,1,-1,1,1
CUST1280,1,238,238.0,1.0,0.0,0.0,0.0,2024-01-20 17:36:00,161,38.0,F,3,-1,3,4
CUST1281,1,32,32.0,1.0,0.0,0.0,1.0,2024-03-10 11:04:00,111,28.0,F,1,-1,1,1
CUST1282,1,42,42.0,0.0,1.0,0.0,0.0,2024-03-21 14:07:00,100,32.0,F,2,0,2,0
CUST1283,1,295,295.0,0.0,0.0,1.0,0.0,2024-01-24 10:51:00,157,45.0,M,4,-1,0,2
CUST1284,1,32,32.0,1.0,0.0,0.0,1.0,2024-06-22 12:16:00,7,34.0,M,1,-1,1,1
CUST1285,1,30,30.0,0.0,0.0,0.0,1.0,2024-01-25 15:06:00,156,35.0,M,1,1,1,1
CUST1286,1,215,215.0,0.0,0.0,1.0,0.0,2024-04-12 13:43:00,78,22.0,M,4,2,0,2
CUST1287,1,116,116.0,0.0,1.0,0.0,0.0,2024-01-24 20:21:00,156,43.0,M,2,0,2,0
CUST1288,1,68,68.0,1.0,1.0,0.0,0.0,2024-04-07 18:27:00,82,33.0,M,2,5,2,4
CUST1289,1,168,168.0,0.0,1.0,0.0,0.0,2024-06-06 17:39:00,23,22.0,M,2,0,2,0
CUST1290,1,120,120.0,0.0,0.0,1.0,0.0,2024-02-05 14:12:00,145,26.0,F,0,2,0,3
CUST1291,1,205,205.0,0.0,0.0,0.0,0.0,2024-04-09 12:11:00,81,29.0,F,3,3,3,2
CUST1292,1,136,136.0,0.0,1.0,0.0,0.0,2024-03-04 18:15:00,116,23.0,M,2,0,2,0
CUST1293,1,290,290.0,0.0,0.0,1.0,0.0,2024-06-27 13:58:00,2,25.0,F,4,-1,0,2
CUST1294,1,16,16.0,0.0,1.0,0.0,0.0,2024-01-10 09:03:00,171,23.0,F,2,0,2,0
CUST1295,1,45,45.0,1.0,1.0,0.0,0.0,2024-02-03 13:45:00,147,28.0,M,2,5,2,4
CUST1296,1,152,152.0,0.0,1.0,0.0,0.0,2024-05-14 13:04:00,46,42.0,M,2,0,2,0
CUST1297,1,302,302.0,1.0,0.0,1.0,0.0,2024-06-15 13:11:00,14,43.0,F,4,-1,4,2
CUST1298,1,270,270.0,0.0,0.0,0.0,1.0,2024-06-28 17:25:00,1,41.0,M,1,-1,1,1
CUST1299,1,116,116.0,0.0,1.0,0.0,0.0,2024-03-25 19:04:00,95,33.0,M,2,0,2,0
CUST1300,1,115,115.0,0.0,0.0,1.0,0.0,2024-03-08 11:15:00,113,32.0,M,0,2,0,3
CUST1301,1,55,55.0,0.0,0.0,0.0,1.0,2024-02-12 14:31:00,138,41.0,F,1,1,1,1
CUST1302,1,100,100.0,0.0,0.0,0.0,0.0,2024-01-19 20:54:00,161,23.0,F,2,-1,3,0
CUST1303,1,205,205.0,0.0,0.0,1.0,0.0,2024-02-13 14:10:00,137,20.0,F,4,2,0,3
CUST1304,1,125,125.0,0.0,0.0,0.0,1.0,2024-01-26 13:13:00,155,23.0,M,1,1,1,1
CUST1305,1,147,147.0,1.0,1.0,0.0,0.0,2024-05-26 16:53:00,34,19.0,F,3,-1,2,4
CUST1306,1,226,226.0,0.0,1.0,0.0,0.0,2024-02-21 09:01:00,129,27.0,F,3,0,2,2
CUST1307,1,152,152.0,0.0,1.0,0.0,0.0,2024-01-24 18:34:00,156,39.0,F,2,0,2,0
CUST1308,1,210,210.0,0.0,0.0,0.0,0.0,2024-02-27 12:36:00,123,32.0,F,3,-1,3,2
CUST1309,1,225,225.0,0.0,0.0,0.0,1.0,2024-04-09 16:26:00,81,35.0,M,1,1,1,1
CUST1310,1,74,74.0,0.0,1.0,0.0,0.0,2024-01-31 20:28:00,149,34.0,M,2,0,2,0
CUST1311,1,352,352.0,1.0,1.0,0.0,0.0,2024-01-21 18:27:00,159,19.0,F,3,-1,2,2
CUST1312,1,63,63.0,0.0,1.0,0.0,0.0,2024-05-21 13:54:00,39,35.0,F,2,0,2,0
CUST1313,1,227,227.0,1.0,0.0,0.0,0.0,2024-01-28 17:49:00,153,22.0,M,3,-1,3,4
CUST1314,1,100,100.0,0.0,1.0,0.0,0.0,2024-01-10 10:17:00,171,36.0,F,2,0,2,0
CUST1315,1,243,243.0,1.0,0.0,0.0,1.0,2024-01-06 13:52:00,175,26.0,F,1,-1,1,1
CUST1316,1,231,231.0,0.0,1.0,0.0,0.0,2024-04-23 20:52:00,66,22.0,F,3,0,2,2
CUST1317,1,79,79.0,0.0,1.0,0.0,0.0,2024-01-15 16:50:00,166,42.0,F,2,0,2,0
CUST1318,1,130,130.0,0.0,0.0,0.0,0.0,2024-02-21 08:15:00,129,23.0,M,2,-1,3,0
CUST1319,1,365,365.0,0.0,0.0,0.0,1.0,2024-05-09 14:40:00,51,29.0,F,3,-1,1,1
CUST1320,1,175,175.0,0.0,0.0,0.0,1.0,2024-03-29 10:53:00,92,36.0,F,1,1,1,1
CUST1321,1,215,215.0,0.0,1.0,0.0,0.0,2024-06-14 11:43:00,15,45.0,M,3,-1,2,0
CUST1322,1,499,499.0,1.0,1.0,0.0,0.0,2024-06-02 20:00:00,26,22.0,M,3,-1,2,2
CUST1323,1,189,189.0,1.0,0.0,1.0,0.0,2024-06-22 16:52:00,7,32.0,F,4,-1,4,3
CUST1324,1,205,205.0,0.0,1.0,0.0,0.0,2024-03-27 12:40:00,94,33.0,M,3,0,2,0
CUST1325,1,116,116.0,0.0,1.0,0.0,0.0,2024-06-18 13:43:00,11,19.0,F,2,0,2,0
CUST1326,1,260,260.0,0.0,0.0,1.0,0.0,2024-04-09 19:02:00,80,31.0,F,4,-1,0,2
CUST1327,1,85,85.0,0.0,0.0,1.0,0.0,2024-02-13 18:56:00,136,34.0,F,0,2,0,3
CUST1328,1,295,295.0,1.0,1.0,0.0,0.0,2024-06-16 09:14:00,13,39.0,F,3,-1,2,4
CUST1329,1,110,110.0,0.0,0.0,0.0,1.0,2024-06-11 17:37:00,18,33.0,M,1,1,1,1
CUST1330,1,40,40.0,0.0,0.0,0.0,0.0,2024-05-15 12:26:00,45,45.0,F,2,-1,3,0
CUST1331,1,55,55.0,0.0,0.0,1.0,0.0,2024-02-06 13:55:00,144,31.0,F,0,2,0,3
CUST1332,1,63,63.0,0.0,1.0,0.0,0.0,2024-01-02 15:17:00,179,28.0,M,2,0,2,0
CUST1333,1,32,32.0,0.0,1.0,0.0,0.0,2024-06-11 14:25:00,18,22.0,F,2,0,2,0
CUST1334,1,260,260.0,0.0,0.0,1.0,0.0,2024-05-15 11:01:00,45,18.0,F,4,-1,0,2
CUST1335,1,357,357.0,0.0,1.0,0.0,0.0,2024-01-12 12:18:00,169,23.0,M,3,-1,2,2
CUST1336,1,20,20.0,0.0,0.0,0.0,0.0,2024-02-12 20:25:00,137,29.0,M,2,-1,3,0
CUST1337,1,30,30.0,0.0,0.0,1.0,0.0,2024-02-01 13:45:00,149,36.0,M,0,2,0,3
CUST1338,1,27,27.0,1.0,0.0,0.0,0.0,2024-06-01 08:42:00,28,42.0,M,2,-1,3,0
CUST1339,1,74,74.0,0.0,1.0,0.0,0.0,2024-02-01 16:16:00,149,32.0,F,2,0,2,0
CUST1340,1,105,105.0,0.0,1.0,0.0,0.0,2024-06-18 09:42:00,11,27.0,F,2,0,2,0
CUST1341,1,262,262.0,0.0,1.0,0.0,0.0,2024-06-04 11:49:00,25,33.0,M,3,0,2,0
CUST1342,1,30,30.0,0.0,0.0,0.0,0.0,2024-03-25 11:00:00,96,40.0,F,2,-1,3,0
CUST1343,1,220,220.0,0.0,0.0,1.0,0.0,2024-05-10 09:46:00,50,22.0,M,4,-1,0,2
CUST1344,1,189,189.0,0.0,1.0,0.0,0.0,2024-02-14 08:54:00,136,19.0,M,3,0,2,0
CUST1345,1,278,278.0,0.0,1.0,0.0,0.0,2024-03-25 13:57:00,96,39.0,M,3,7,2,2
CUST1346,1,32,32.0,0.0,1.0,0.0,0.0,2024-06-25 15:51:00,4,26.0,F,2,0,2,0
CUST1347,1,140,140.0,1.0,0.0,1.0,0.0,2024-01-27 14:58:00,154,45.0,M,0,-1,4,3
CUST1348,1,115,115.0,0.0,0.0,0.0,0.0,2024-01-29 14:28:00,152,33.0,F,2,-1,3,0
CUST1349,1,54,54.0,1.0,0.0,1.0,0.0,2024-05-12 16:44:00,48,39.0,F,0,-1,4,3
CUST1350,1,105,105.0,0.0,1.0,0.0,0.0,2024-06-18 18:41:00,10,33.0,F,2,0,2,0
CUST1351,1,49,49.0,1.0,0.0,0.0,1.0,2024-03-23 11:21:00,98,20.0,F,1,-1,1,1
CUST1352,1,113,113.0,1.0,0.0,0.0,1.0,2024-01-21 15:28:00,160,30.0,M,1,-1,1,1
CUST1353,1,205,205.0,1.0,0.0,0.0,0.0,2024-01-27 14:26:00,154,41.0,M,3,-1,3,4
CUST1354,1,255,255.0,1.0,1.0,0.0,0.0,2024-01-14 11:54:00,167,28.0,F,3,-1,2,4
CUST1355,1,60,60.0,0.0,0.0,1.0,0.0,2024-05-20 16:23:00,40,29.0,F,0,2,0,3
CUST1356,1,116,116.0,0.0,1.0,0.0,0.0,2024-06-05 11:12:00,24,21.0,F,2,0,2,0
CUST1357,1,40,40.0,0.0,0.0,1.0,0.0,2024-01-12 18:53:00,168,21.0,F,0,2,0,3
CUST1358,1,152,152.0,0.0,1.0,0.0,0.0,2024-05-15 19:03:00,44,33.0,M,2,0,2,0
CUST1359,1,65,65.0,1.0,0.0,1.0,0.0,2024-01-27 14:42:00,154,41.0,M,0,-1,4,3
CUST1360,1,50,50.0,0.0,0.0,0.0,1.0,2024-03-28 12:28:00,93,26.0,F,1,1,1,1
CUST1361,1,410,410.0,0.0,1.0,0.0,0.0,2024-05-21 18:13:00,38,44.0,F,3,-1,2,2
CUST1362,1,216,216.0,1.0,0.0,1.0,0.0,2024-03-31 16:30:00,90,40.0,M,4,-1,4,3
CUST1363,1,105,105.0,0.0,0.0,0.0,1.0,2024-02-21 12:48:00,129,19.0,M,1,1,1,1
CUST1364,1,145,145.0,0.0,0.0,1.0,0.0,2024-04-01 15:06:00,89,24.0,M,0,2,0,3
CUST1365,1,167,167.0,1.0,0.0,0.0,1.0,2024-04-07 14:26:00,83,40.0,M,1,6,1,1
CUST1366,1,155,155.0,0.0,0.0,1.0,0.0,2024-06-11 19:45:00,17,44.0,M,0,2,0,3
CUST1367,1,91,91.0,1.0,1.0,0.0,0.0,2024-04-06 08:27:00,84,23.0,M,2,-1,2,4
CUST1368,1,116,116.0,0.0,1.0,0.0,0.0,2024-01-11 10:59:00,170,32.0,M,2,0,2,0
CUST1369,1,131,131.0,0.0,1.0,0.0,0.0,2024-05-14 11:11:00,46,20.0,F,2,0,2,0
CUST1370,1,59,59.0,1.0,0.0,1.0,0.0,2024-03-16 11:48:00,105,28.0,F,0,-1,4,3
CUST1371,1,16,16.0,0.0,1.0,0.0,0.0,2024-01-11 18:56:00,169,38.0,M,2,0,2,0
CUST1372,1,249,249.0,1.0,1.0,0.0,0.0,2024-05-11 20:32:00,48,18.0,F,3,-1,2,4
CUST1373,1,52,52.0,0.0,1.0,0.0,0.0,2024-01-25 10:49:00,156,28.0,M,2,0,2,0
CUST1374,1,130,130.0,1.0,0.0,0.0,1.0,2024-01-27 11:34:00,154,45.0,F,1,-1,1,1
CUST1375,1,85,85.0,0.0,0.0,1.0,0.0,2024-03-05 16:04:00,116,19.0,M,0,2,0,3
CUST1376,1,45,45.0,1.0,1.0,0.0,0.0,2024-04-20 13:01:00,70,38.0,F,2,5,2,4
CUST1377,1,110,110.0,0.0,0.0,0.0,1.0,2024-06-28 09:22:00,1,42.0,M,1,1,1,1
CUST1378,1,74,74.0,0.0,1.0,0.0,0.0,2024-03-13 20:59:00,107,37.0,M,2,0,2,0
CUST1379,1,165,165.0,0.0,0.0,1.0,0.0,2024-06-11 10:19:00,18,43.0,F,0,2,0,3
CUST1380,1,125,125.0,0.0,0.0,0.0,1.0,2024-03-29 11:26:00,92,27.0,M,1,1,1,1
CUST1381,1,142,142.0,0.0,1.0,0.0,0.0,2024-05-20 15:41:00,40,39.0,M,2,0,2,0
CUST1382,1,126,126.0,0.0,1.0,0.0,0.0,2024-02-02 18:41:00,147,28.0,F,2,0,2,0
CUST1383,1,75,75.0,0.0,0.0,0.0,1.0,2024-05-24 17:23:00,36,40.0,M,1,1,1,1
CUST1384,1,91,91.0,1.0,1.0,0.0,0.0,2024-02-04 18:46:00,145,26.0,F,2,5,2,4
CUST1385,1,147,147.0,0.0,1.0,0.0,0.0,2024-03-12 10:57:00,109,23.0,M,2,0,2,0
CUST1386,1,95,95.0,0.0,0.0,0.0,0.0,2024-05-31 11:58:00,29,44.0,F,2,-1,3,0
CUST1387,1,198,198.0,1.0,1.0,0.0,0.0,2024-02-04 15:32:00,146,25.0,F,3,-1,2,4
CUST1388,1,205,205.0,0.0,0.0,1.0,0.0,2024-04-24 10:11:00,66,42.0,M,4,2,0,3
CUST1389,1,147,147.0,0.0,1.0,0.0,0.0,2024-01-11 18:13:00,169,29.0,M,2,0,2,0
CUST1390,1,157,157.0,1.0,0.0,1.0,0.0,2024-01-27 19:33:00,153,38.0,F,4,-1,4,3
CUST1391,1,170,170.0,1.0,1.0,0.0,0.0,2024-04-06 11:33:00,84,34.0,F,3,4,2,4
CUST1392,1,20,20.0,0.0,0.0,1.0,0.0,2024-02-28 09:32:00,122,32.0,M,0,2,0,3
CUST1393,1,130,130.0,0.0,0.0,0.0,1.0,2024-06-18 11:26:00,11,37.0,M,1,1,1,1
CUST1394,1,45,45.0,0.0,0.0,1.0,0.0,2024-01-12 10:36:00,169,18.0,M,0,2,0,3
CUST1395,1,175,175.0,0.0,0.0,0.0,1.0,2024-03-07 10:33:00,114,19.0,M,1,1,1,1
CUST1396,1,45,45.0,0.0,0.0,0.0,1.0,2024-04-15 17:09:00,75,23.0,M,1,1,1,1
CUST1397,1,74,74.0,0.0,1.0,0.0,0.0,2024-02-28 14:24:00,122,32.0,M,2,0,2,0
CUST1398,1,136,136.0,0.0,1.0,0.0,0.0,2024-06-04 09:11:00,25,44.0,M,2,0,2,0
CUST1399,1,230,230.0,0.0,0.0,0.0,1.0,2024-05-13 14:23:00,47,42.0,F,1,8,1,1
CUST1400,1,52,52.0,0.0,1.0,0.0,0.0,2024-04-18 10:16:00,72,36.0,M,2,0,2,0
CUST1401,1,90,90.0,0.0,0.0,0.0,1.0,2024-01-02 19:47:00,178,26.0,M,1,1,1,1
CUST1402,1,90,90.0,0.0,0.0,1.0,0.0,2024-02-09 14:41:00,141,29.0,M,0,2,0,3
CUST1403,1,130,130.0,0.0,0.0,1.0,0.0,2024-04-15 16:50:00,75,42.0,M,0,2,0,3
CUST1404,1,140,140.0,0.0,0.0,1.0,0.0,2024-05-27 13:49:00,33,26.0,F,0,2,0,3
CUST1405,1,125,125.0,0.0,0.0,1.0,0.0,2024-03-27 20:35:00,93,34.0,F,0,2,0,3
CUST1406,1,26,26.0,0.0,1.0,0.0,0.0,2024-01-23 09:16:00,158,33.0,F,2,0,2,0
CUST1407,1,119,119.0,1.0,0.0,0.0,1.0,2024-06-01 08:49:00,28,37.0,F,1,6,1,1
CUST1408,1,232,232.0,1.0,0.0,1.0,0.0,2024-06-02 16:33:00,27,24.0,M,4,-1,4,3
CUST1409,1,51,51.0,1.0,1.0,0.0,0.0,2024-03-31 18:25:00,89,42.0,F,2,5,2,4
CUST1410,1,168,168.0,0.0,1.0,0.0,0.0,2024-05-23 17:22:00,37,20.0,F,2,0,2,0
CUST1411,1,400,400.0,1.0,0.0,1.0,0.0,2024-04-14 16:06:00,76,26.0,M,4,-1,4,2
CUST1412,1,173,173.0,1.0,0.0,1.0,0.0,2024-04-06 17:30:00,84,40.0,F,4,-1,4,3
CUST1413,1,90,90.0,0.0,0.0,0.0,1.0,2024-01-18 14:40:00,163,21.0,F,1,1,1,1
CUST1414,1,158,158.0,0.0,1.0,0.0,0.0,2024-06-28 12:15:00,1,29.0,M,2,0,2,0
CUST1415,1,178,178.0,1.0,0.0,0.0,1.0,2024-05-26 12:11:00,34,29.0,M,1,-1,1,1
CUST1416,1,50,50.0,0.0,0.0,0.0,1.0,2024-06-07 13:09:00,22,24.0,M,1,1,1,1
CUST1417,1,431,431.0,1.0,1.0,0.0,0.0,2024-05-18 08:54:00,42,37.0,M,3,-1,2,2
CUST1418,1,84,84.0,0.0,1.0,0.0,0.0,2024-05-27 10:03:00,33,30.0,M,2,0,2,0
CUST1419,1,16,16.0,0.0,1.0,0.0,0.0,2024-06-27 16:29:00,2,32.0,M,2,0,2,0
CUST1420,1,43,43.0,1.0,0.0,0.0,1.0,2024-03-24 13:39:00,97,36.0,M,1,-1,1,1
CUST1421,1,315,315.0,0.0,1.0,0.0,0.0,2024-04-03 10:31:00,87,33.0,F,3,7,2,2
CUST1422,1,310,310.0,0.0,0.0,0.0,1.0,2024-05-27 18:14:00,32,36.0,M,1,-1,1,1
CUST1423,1,210,210.0,0.0,1.0,0.0,0.0,2024-02-15 14:31:00,135,33.0,M,3,0,2,0
CUST1424,1,178,178.0,0.0,1.0,0.0,0.0,2024-01-16 11:52:00,165,21.0,M,3,0,2,0
CUST1425,1,240,240.0,0.0,0.0,0.0,1.0,2024-04-15 09:22:00,75,29.0,M,1,-1,1,1
CUST1426,1,60,60.0,0.0,0.0,1.0,0.0,2024-06-06 12:29:00,23,20.0,F,0,2,0,3
CUST1427,1,220,220.0,0.0,1.0,0.0,0.0,2024-01-19 09:10:00,162,31.0,F,3,0,2,0
CUST1428,1,116,116.0,0.0,1.0,0.0,0.0,2024-04-02 19:37:00,87,26.0,F,2,0,2,0
CUST1429,1,116,116.0,0.0,1.0,0.0,0.0,2024-06-28 19:05:00,0,39.0,F,2,0,2,0
CUST1430,1,85,85.0,0.0,0.0,0.0,0.0,2024-05-14 20:05:00,45,18.0,F,2,-1,3,0
CUST1431,1,158,158.0,0.0,1.0,0.0,0.0,2024-01-08 08:42:00,173,22.0,M,2,0,2,0
CUST1432,1,272,272.0,1.0,1.0,0.0,0.0,2024-02-04 19:34:00,145,35.0,F,3,-1,2,4
CUST1433,1,16,16.0,0.0,1.0,0.0,0.0,2024-04-03 14:16:00,87,32.0,F,2,0,2,0
CUST1434,1,165,165.0,0.0,0.0,1.0,0.0,2024-04-30 16:00:00,60,29.0,F,0,2,0,3
CUST1435,1,163,163.0,0.0,1.0,0.0,0.0,2024-01-02 16:23:00,179,37.0,M,2,0,2,0
CUST1436,1,391,391.0,1.0,1.0,0.0,0.0,2024-01-21 14:40:00,160,25.0,F,3,-1,2,2
CUST1437,1,170,170.0,0.0,0.0,1.0,0.0,2024-06-07 15:17:00,22,21.0,F,0,2,0,3
CUST1438,1,155,155.0,0.0,0.0,1.0,0.0,2024-03-13 12:08:00,108,23.0,M,0,2,0,3
CUST1439,1,70,70.0,0.0,0.0,0.0,1.0,2024-04-05 15:44:00,85,43.0,F,1,1,1,1
CUST1440,1,60,60.0,0.0,0.0,0.0,1.0,2024-02-16 11:57:00,134,35.0,F,1,1,1,1
CUST1441,1,152,152.0,0.0,1.0,0.0,0.0,2024-03-04 19:02:00,116,42.0,F,2,0,2,0
CUST1442,1,514,514.0,0.0,1.0,0.0,0.0,2024-05-20 16:07:00,40,23.0,M,3,-1,2,2
CUST1443,1,146,146.0,1.0,0.0,0.0,1.0,2024-03-24 08:10:00,97,25.0,F,1,-1,1,1
CUST1444,1,315,315.0,0.0,1.0,0.0,0.0,2024-04-05 20:05:00,84,40.0,M,3,7,2,2
CUST1445,1,21,21.0,0.0,1.0,0.0,0.0,2024-06-14 10:44:00,15,19.0,F,2,0,2,0
CUST1446,1,150,150.0,0.0,0.0,0.0,0.0,2024-04-22 19:12:00,67,35.0,F,2,3,3,0
CUST1447,1,45,45.0,1.0,1.0,0.0,0.0,2024-05-18 19:31:00,41,35.0,F,2,5,2,4
CUST1448,1,178,178.0,0.0,1.0,0.0,0.0,2024-01-18 16:09:00,163,26.0,M,3,0,2,0
CUST1449,1,252,252.0,0.0,1.0,0.0,0.0,2024-01-05 17:54:00,176,41.0,M,3,-1,2,0
CUST1450,1,74,74.0,0.0,1.0,0.0,0.0,2024-06-05 12:20:00,24,42.0,M,2,0,2,0
CUST1451,1,16,16.0,0.0,1.0,0.0,0.0,2024-02-21 09:31:00,129,23.0,M,2,0,2,0
CUST1452,1,110,110.0,0.0,0.0,0.0,0.0,2024-02-26 17:45:00,124,19.0,F,2,-1,3,0
CUST1453,1,155,155.0,0.0,0.0,0.0,1.0,2024-04-02 16:47:00,88,32.0,M,1,1,1,1
CUST1454,1,30,30.0,0.0,0.0,0.0,1.0,2024-03-18 09:13:00,103,41.0,M,1,1,1,1
CUST1455,1,40,40.0,0.0,0.0,1.0,0.0,2024-05-14 18:15:00,45,24.0,M,0,2,0,3
CUST1456,1,140,140.0,0.0,0.0,1.0,0.0,2024-06-12 17:22:00,17,41.0,M,0,2,0,3
CUST1457,1,194,194.0,1.0,0.0,0.0,1.0,2024-03-31 13:35:00,90,35.0,F,1,-1,1,1
CUST1458,1,268,268.0,0.0,1.0,0.0,0.0,2024-05-24 16:13:00,36,37.0,M,3,-1,2,0
CUST1459,1,284,284.0,1.0,1.0,0.0,0.0,2024-05-12 10:56:00,48,37.0,M,3,-1,2,4
CUST1460,1,89,89.0,0.0,1.0,0.0,0.0,2024-01-25 08:29:00,156,35.0,M,2,0,2,0
CUST1461,1,57,57.0,1.0,1.0,0.0,0.0,2024-03-17 09:36:00,104,25.0,F,2,5,2,4
CUST1462,1,110,110.0,0.0,0.0,0.0,1.0,2024-06-25 19:36:00,3,23.0,F,1,1,1,1
CUST1463,1,120,120.0,0.0,0.0,0.0,1.0,2024-03-26 13:56:00,95,20.0,M,1,1,1,1
CUST1464,1,324,324.0,1.0,0.0,0.0,0.0,2024-01-14 12:33:00,167,38.0,F,3,-1,3,2
CUST1465,1,20,20.0,0.0,0.0,0.0,1.0,2024-02-26 14:18:00,124,42.0,M,1,1,1,1
CUST1466,1,115,115.0,0.0,0.0,0.0,0.0,2024-05-20 14:16:00,40,36.0,M,2,3,3,0
CUST1467,1,86,86.0,1.0,0.0,1.0,0.0,2024-03-03 09:17:00,118,35.0,M,0,-1,4,3
CUST1468,1,320,320.0,0.0,0.0,0.0,0.0,2024-03-29 17:41:00,92,24.0,F,3,-1,3,2
CUST1469,1,130,130.0,0.0,0.0,0.0,1.0,2024-04-22 08:59:00,68,37.0,M,1,1,1,1
CUST1470,1,130,130.0,1.0,1.0,0.0,0.0,2024-03-03 17:59:00,117,21.0,M,2,-1,2,4
CUST1471,1,42,42.0,0.0,1.0,0.0,0.0,2024-03-25 11:47:00,96,33.0,M,2,0,2,0
CUST1472,1,59,59.0,1.0,0.0,1.0,0.0,2024-06-08 19:09:00,20,35.0,F,0,-1,4,3
CUST1473,1,215,215.0,1.0,1.0,0.0,0.0,2024-06-16 08:04:00,13,19.0,F,3,-1,2,4
CUST1474,1,90,90.0,0.0,0.0,0.0,1.0,2024-05-10 19:06:00,49,25.0,F,1,1,1,1
CUST1475,1,74,74.0,0.0,1.0,0.0,0.0,2024-01-11 11:59:00,170,35.0,M,2,0,2,0
CUST1476,1,215,215.0,0.0,0.0,0.0,1.0,2024-03-01 16:17:00,120,29.0,F,1,1,1,1
CUST1477,1,189,189.0,0.0,1.0,0.0,0.0,2024-01-23 19:24:00,157,30.0,M,3,0,2,0
CUST1478,1,330,330.0,0.0,0.0,1.0,0.0,2024-02-22 18:08:00,127,32.0,M,4,-1,0,2
CUST1479,1,45,45.0,1.0,1.0,0.0,0.0,2024-06-16 17:58:00,12,42.0,M,2,-1,2,4
CUST1480,1,270,270.0,0.0,0.0,1.0,0.0,2024-02-07 19:01:00,142,23.0,F,4,-1,0,2
CUST1481,1,238,238.0,1.0,0.0,0.0,0.0,2024-01-28 10:11:00,153,22.0,M,3,-1,3,4
CUST1482,1,81,81.0,1.0,0.0,0.0,1.0,2024-06-15 13:11:00,14,22.0,F,1,-1,1,1
CUST1483,1,76,76.0,1.0,0.0,1.0,0.0,2024-03-10 14:14:00,111,42.0,M,0,-1,4,3
CUST1484,1,52,52.0,0.0,1.0,0.0,0.0,2024-06-25 13:55:00,4,45.0,F,2,0,2,0
CUST1485,1,110,110.0,0.0,0.0,0.0,1.0,2024-03-21 14:39:00,100,37.0,F,1,1,1,1
CUST1486,1,289,289.0,0.0,1.0,0.0,0.0,2024-01-11 16:24:00,170,25.0,F,3,-1,2,2
CUST1487,1,105,105.0,0.0,0.0,0.0,1.0,2024-04-18 12:39:00,72,32.0,M,1,1,1,1
CUST1488,1,42,42.0,0.0,1.0,0.0,0.0,2024-04-10 14:20:00,80,23.0,M,2,0,2,0
CUST1489,1,140,140.0,0.0,0.0,1.0,0.0,2024-03-05 13:44:00,116,32.0,M,0,2,0,3
CUST1490,1,108,108.0,1.0,0.0,0.0,0.0,2024-04-06 16:24:00,84,41.0,M,2,-1,3,4
CUST1491,1,150,150.0,0.0,0.0,0.0,0.0,2024-02-15 20:45:00,134,23.0,M,2,-1,3,0
CUST1492,1,76,76.0,1.0,0.0,0.0,0.0,2024-06-08 20:16:00,20,24.0,M,2,-1,3,0
CUST1493,1,190,190.0,0.0,0.0,0.0,0.0,2024-04-26 14:28:00,64,36.0,F,3,3,3,0
CUST1494,1,110,110.0,0.0,0.0,0.0,0.0,2024-01-15 18:22:00,165,23.0,M,2,-1,3,0
CUST1495,1,140,140.0,0.0,0.0,1.0,0.0,2024-04-16 10:10:00,74,19.0,M,0,2,0,3
CUST1496,1,244,244.0,1.0,1.0,0.0,0.0,2024-04-07 09:48:00,83,28.0,F,3,-1,2,4
CUST1497,1,150,150.0,0.0,0.0,0.0,0.0,2024-06-27 11:39:00,2,34.0,M,2,3,3,0
CUST1498,1,75,75.0,0.0,0.0,0.0,1.0,2024-03-07 16:36:00,114,31.0,F,1,1,1,1
CUST1499,1,16,16.0,0.0,1.0,0.0,0.0,2024-06-05 11:45:00,24,43.0,M,2,0,2,0
CUST1500,1,125,125.0,0.0,0.0,0.0,1.0,2024-02-23 20:39:00,126,38.0,M,1,1,1,1
CUST1501,1,155,155.0,0.0,0.0,0.0,1.0,2024-06-25 12:16:00,4,18.0,M,1,1,1,1
CUST1502,1,60,60.0,0.0,0.0,1.0,0.0,2024-03-28 14:46:00,93,39.0,F,0,2,0,3
CUST1503,1,80,80.0,0.0,0.0,1.0,0.0,2024-05-01 20:02:00,58,39.0,F,0,2,0,3
CUST1504,1,255,255.0,0.0,0.0,1.0,0.0,2024-01-15 16:19:00,166,32.0,F,4,-1,0,2
CUST1505,1,115,115.0,0.0,0.0,0.0,1.0,2024-03-12 08:21:00,109,20.0,M,1,1,1,1
CUST1506,1,130,130.0,0.0,0.0,0.0,0.0,2024-01-09 12:26:00,172,40.0,F,2,-1,3,0
CUST1507,1,50,50.0,0.0,0.0,0.0,1.0,2024-02-14 09:23:00,136,24.0,F,1,1,1,1
CUST1508,1,163,163.0,0.0,1.0,0.0,0.0,2024-05-08 10:12:00,52,43.0,F,2,0,2,0
CUST1509,1,94,94.0,0.0,1.0,0.0,0.0,2024-02-22 19:02:00,127,44.0,M,2,0,2,0
CUST1510,1,165,165.0,0.0,0.0,1.0,0.0,2024-01-12 09:33:00,169,28.0,F,0,2,0,3
CUST1511,1,89,89.0,0.0,1.0,0.0,0.0,2024-04-22 18:07:00,67,26.0,F,2,0,2,0
CUST1512,1,273,273.0,0.0,1.0,0.0,0.0,2024-05-20 13:17:00,40,24.0,F,3,0,2,2
CUST1513,1,15,15.0,0.0,0.0,1.0,0.0,2024-01-08 15:57:00,173,19.0,M,0,-1,0,3
CUST1514,1,302,302.0,1.0,0.0,1.0,0.0,2024-06-29 17:57:00,0,30.0,M,4,-1,4,2
CUST1515,1,119,119.0,1.0,0.0,0.0,1.0,2024-05-25 10:05:00,35,42.0,F,1,6,1,1
CUST1516,1,260,260.0,0.0,0.0,0.0,1.0,2024-02-06 17:16:00,144,25.0,M,1,-1,1,1
CUST1517,1,178,178.0,0.0,1.0,0.0,0.0,2024-01-17 15:07:00,164,33.0,M,2,0,2,0
CUST1518,1,216,216.0,1.0,0.0,0.0,0.0,2024-04-13 19:50:00,76,34.0,M,3,-1,3,4
CUST1519,1,190,190.0,0.0,0.0,0.0,1.0,2024-01-17 13:13:00,164,33.0,F,1,1,1,1
CUST1520,1,136,136.0,0.0,1.0,0.0,0.0,2024-01-30 17:38:00,151,41.0,F,2,0,2,0
CUST1521,1,15,15.0,0.0,0.0,0.0,0.0,2024-06-14 18:03:00,14,28.0,F,2,-1,3,0
CUST1522,1,105,105.0,0.0,1.0,0.0,0.0,2024-04-09 17:36:00,81,32.0,F,2,0,2,0
CUST1523,1,275,275.0,0.0,0.0,1.0,0.0,2024-01-23 17:00:00,158,31.0,F,4,-1,0,2
CUST1524,1,115,115.0,0.0,0.0,0.0,0.0,2024-01-29 12:55:00,152,40.0,F,2,3,3,0
CUST1525,1,341,341.0,0.0,1.0,0.0,0.0,2024-06-18 10:30:00,11,35.0,M,3,-1,2,2
CUST1526,1,70,70.0,0.0,0.0,1.0,0.0,2024-06-14 08:09:00,15,18.0,M,0,2,0,3
CUST1527,1,42,42.0,0.0,1.0,0.0,0.0,2024-06-27 17:59:00,1,45.0,F,2,0,2,0
CUST1528,1,230,230.0,0.0,0.0,1.0,0.0,2024-02-27 10:27:00,123,30.0,F,4,-1,0,2
CUST1529,1,259,259.0,1.0,0.0,1.0,0.0,2024-06-29 13:07:00,0,36.0,F,4,-1,4,2
CUST1530,1,40,40.0,0.0,0.0,0.0,1.0,2024-06-10 19:42:00,18,25.0,F,1,1,1,1
CUST1531,1,100,100.0,0.0,0.0,0.0,0.0,2024-03-28 16:49:00,93,37.0,M,2,3,3,0
CUST1532,1,220,220.0,0.0,0.0,1.0,0.0,2024-03-15 10:02:00,106,43.0,F,4,2,0,2
CUST1533,1,89,89.0,0.0,1.0,0.0,0.0,2024-03-14 15:05:00,107,43.0,M,2,0,2,0
CUST1534,1,190,190.0,0.0,0.0,1.0,0.0,2024-01-04 19:07:00,176,26.0,F,0,-1,0,3
CUST1535,1,55,55.0,0.0,0.0,1.0,0.0,2024-03-28 09:09:00,93,23.0,M,0,2,0,3
CUST1536,1,70,70.0,0.0,0.0,1.0,0.0,2024-03-01 18:28:00,119,42.0,F,0,2,0,3
CUST1537,1,173,173.0,0.0,1.0,0.0,0.0,2024-01-30 08:10:00,151,19.0,F,3,0,2,0
CUST1538,1,147,147.0,0.0,1.0,0.0,0.0,2024-05-01 12:09:00,59,30.0,F,2,0,2,0
CUST1539,1,194,194.0,0.0,1.0,0.0,0.0,2024-01-25 16:40:00,156,34.0,M,3,0,2,0
CUST1540,1,281,281.0,1.0,0.0,1.0,0.0,2024-04-28 20:43:00,61,38.0,F,4,-1,4,2
CUST1541,1,40,40.0,0.0,0.0,0.0,0.0,2024-01-18 08:26:00,163,39.0,M,2,-1,3,0
CUST1542,1,145,145.0,0.0,0.0,0.0,0.0,2024-01-09 08:39:00,172,26.0,M,2,-1,3,0
CUST1543,1,80,80.0,0.0,0.0,1.0,0.0,2024-03-05 12:29:00,116,21.0,M,0,2,0,3
CUST1544,1,110,110.0,0.0,0.0,1.0,0.0,2024-06-26 18:49:00,2,42.0,F,0,2,0,3
CUST1545,1,89,89.0,0.0,1.0,0.0,0.0,2024-03-07 12:11:00,114,28.0,M,2,0,2,0
CUST1546,1,124,124.0,1.0,0.0,0.0,0.0,2024-02-25 17:41:00,125,35.0,F,2,-1,3,4
CUST1547,1,25,25.0,0.0,0.0,1.0,0.0,2024-01-05 15:09:00,176,42.0,F,0,2,0,3
CUST1548,1,110,110.0,0.0,1.0,0.0,0.0,2024-04-10 17:00:00,80,22.0,F,2,0,2,0
CUST1549,1,160,160.0,0.0,0.0,0.0,1.0,2024-01-01 14:44:00,180,35.0,M,1,1,1,1
CUST1550,1,40,40.0,0.0,0.0,0.0,1.0,2024-04-03 16:54:00,87,38.0,M,1,1,1,1
CUST1551,1,265,265.0,0.0,0.0,0.0,1.0,2024-02-15 16:02:00,135,38.0,M,1,-1,1,1
CUST1552,1,181,181.0,1.0,1.0,0.0,0.0,2024-02-18 10:02:00,132,38.0,F,3,-1,2,4
CUST1553,1,15,15.0,0.0,0.0,0.0,1.0,2024-03-27 08:21:00,94,18.0,M,1,1,1,1
CUST1554,1,145,145.0,0.0,0.0,0.0,0.0,2024-05-28 11:59:00,32,39.0,M,2,3,3,0
CUST1555,1,42,42.0,0.0,1.0,0.0,0.0,2024-06-10 08:57:00,19,18.0,M,2,0,2,0
CUST1556,1,50,50.0,0.0,0.0,0.0,1.0,2024-01-30 15:38:00,151,44.0,M,1,1,1,1
CUST1557,1,108,108.0,1.0,0.0,1.0,0.0,2024-03-24 09:43:00,97,28.0,F,0,-1,4,3
CUST1558,1,70,70.0,0.0,0.0,0.0,0.0,2024-05-31 10:21:00,29,42.0,M,2,-1,3,0
CUST1559,1,105,105.0,0.0,0.0,0.0,0.0,2024-05-28 08:08:00,32,32.0,M,2,3,3,0
CUST1560,1,90,90.0,0.0,0.0,0.0,1.0,2024-04-16 19:51:00,73,40.0,F,1,1,1,1
CUST1561,1,55,55.0,0.0,0.0,0.0,0.0,2024-02-14 17:44:00,136,31.0,M,2,-1,3,0
CUST1562,1,65,65.0,1.0,0.0,1.0,0.0,2024-03-30 14:00:00,91,38.0,F,0,-1,4,3
CUST1563,1,204,204.0,1.0,1.0,0.0,0.0,2024-05-18 16:14:00,42,37.0,F,3,4,2,4
CUST1564,1,335,335.0,1.0,0.0,0.0,0.0,2024-02-10 18:59:00,139,33.0,M,3,-1,3,2
CUST1565,1,62,62.0,1.0,1.0,0.0,0.0,2024-01-14 16:11:00,167,19.0,M,2,-1,2,4
CUST1566,1,231,231.0,0.0,1.0,0.0,0.0,2024-05-31 17:20:00,29,25.0,F,3,0,2,2
CUST1567,1,116,116.0,0.0,1.0,0.0,0.0,2024-01-19 15:37:00,162,30.0,M,2,0,2,0
CUST1568,1,184,184.0,1.0,0.0,1.0,0.0,2024-04-27 19:12:00,62,29.0,M,4,-1,4,3
CUST1569,1,210,210.0,0.0,1.0,0.0,0.0,2024-01-29 15:29:00,152,26.0,M,3,0,2,2
CUST1570,1,58,58.0,0.0,1.0,0.0,0.0,2024-01-23 14:54:00,158,36.0,M,2,0,2,0
CUST1571,1,42,42.0,0.0,1.0,0.0,0.0,2024-03-04 11:20:00,117,18.0,F,2,0,2,0
CUST1572,1,50,50.0,0.0,0.0,1.0,0.0,2024-01-11 15:46:00,170,31.0,M,0,2,0,3
CUST1573,1,100,100.0,0.0,0.0,0.0,0.0,2024-04-25 15:15:00,65,43.0,M,2,3,3,0
CUST1574,1,346,346.0,1.0,0.0,0.0,0.0,2024-03-02 18:05:00,118,29.0,F,3,-1,3,2
CUST1575,1,103,103.0,1.0,0.0,0.0,1.0,2024-06-29 14:11:00,0,32.0,M,1,6,1,1
CUST1576,1,238,238.0,1.0,1.0,0.0,0.0,2024-03-16 14:48:00,105,34.0,M,3,4,2,4
CUST1577,1,190,190.0,0.0,0.0,1.0,0.0,2024-04-08 13:29:00,82,19.0,M,4,2,0,3
CUST1578,1,281,281.0,1.0,0.0,1.0,0.0,2024-03-02 16:07:00,119,22.0,F,4,-1,4,3
CUST1579,1,205,205.0,0.0,1.0,0.0,0.0,2024-04-05 13:28:00,85,19.0,M,3,0,2,2
CUST1580,1,80,80.0,0.0,0.0,0.0,1.0,2024-01-23 09:25:00,158,24.0,F,1,1,1,1
CUST1581,1,60,60.0,0.0,0.0,0.0,0.0,2024-02-22 16:40:00,128,33.0,M,2,-1,3,0
CUST1582,1,190,190.0,0.0,0.0,0.0,1.0,2024-01-17 08:55:00,164,27.0,M,1,1,1,1
CUST1583,1,92,92.0,1.0,0.0,0.0,1.0,2024-05-25 10:57:00,35,32.0,F,1,6,1,1
CUST1584,1,63,63.0,0.0,1.0,0.0,0.0,2024-02-07 13:18:00,143,27.0,M,2,0,2,0
CUST1585,1,32,32.0,0.0,1.0,0.0,0.0,2024-06-26 18:50:00,2,23.0,M,2,0,2,0
CUST1586,1,404,404.0,0.0,1.0,0.0,0.0,2024-04-22 12:23:00,68,36.0,M,3,-1,2,2
CUST1587,1,136,136.0,1.0,1.0,0.0,0.0,2024-04-13 15:49:00,77,21.0,M,2,-1,2,4
CUST1588,1,260,260.0,0.0,0.0,0.0,1.0,2024-05-01 12:48:00,59,38.0,F,1,8,1,1
CUST1589,1,40,40.0,0.0,0.0,1.0,0.0,2024-03-19 08:25:00,102,39.0,M,0,2,0,3
CUST1590,1,85,85.0,0.0,0.0,0.0,1.0,2024-05-29 16:14:00,31,19.0,M,1,1,1,1
CUST1591,1,300,300.0,0.0,0.0,1.0,0.0,2024-02-19 15:20:00,131,34.0,F,4,-1,0,2
CUST1592,1,160,160.0,0.0,0.0,0.0,1.0,2024-03-29 13:19:00,92,18.0,F,1,1,1,1
CUST1593,1,20,20.0,0.0,0.0,1.0,0.0,2024-04-16 10:53:00,74,43.0,F,0,2,0,3
CUST1594,1,52,52.0,0.0,1.0,0.0,0.0,2024-01-17 17:48:00,164,45.0,F,2,0,2,0
CUST1595,1,70,70.0,0.0,0.0,1.0,0.0,2024-05-22 15:45:00,38,31.0,M,0,2,0,3
CUST1596,1,80,80.0,0.0,0.0,1.0,0.0,2024-01-11 12:53:00,170,27.0,F,0,2,0,3
CUST1597,1,231,231.0,0.0,1.0,0.0,0.0,2024-06-12 18:30:00,16,26.0,F,3,0,2,2
CUST1598,1,190,190.0,0.0,0.0,1.0,0.0,2024-05-06 09:38:00,54,42.0,F,4,2,0,3
CUST1599,1,60,60.0,0.0,0.0,0.0,0.0,2024-03-07 10:37:00,114,29.0,M,2,-1,3,0
CUST1600,1,51,51.0,1.0,1.0,0.0,0.0,2024-01-13 12:18:00,168,31.0,F,2,-1,2,4
CUST1601,1,221,221.0,1.0,1.0,0.0,0.0,2024-06-02 20:10:00,26,42.0,M,3,-1,2,4
CUST1602,1,163,163.0,0.0,1.0,0.0,0.0,2024-02-06 08:08:00,144,35.0,F,2,0,2,0
CUST1603,1,131,131.0,0.0,1.0,0.0,0.0,2024-05-08 11:53:00,52,24.0,M,2,0,2,0
CUST1604,1,152,152.0,0.0,1.0,0.0,0.0,2024-03-20 19:23:00,100,33.0,F,2,0,2,0
CUST1605,1,74,74.0,0.0,1.0,0.0,0.0,2024-06-26 10:44:00,3,25.0,M,2,0,2,0
CUST1606,1,108,108.0,1.0,1.0,0.0,0.0,2024-01-20 08:49:00,161,31.0,M,2,5,2,4
CUST1607,1,32,32.0,0.0,1.0,0.0,0.0,2024-03-05 08:04:00,116,33.0,M,2,0,2,0
CUST1608,1,184,184.0,1.0,0.0,0.0,0.0,2024-02-17 18:22:00,132,36.0,M,3,-1,3,4
CUST1609,1,110,110.0,0.0,0.0,1.0,0.0,2024-05-08 20:46:00,51,29.0,M,0,2,0,3
CUST1610,1,394,394.0,0.0,1.0,0.0,0.0,2024-01-26 11:58:00,155,42.0,M,3,-1,2,2
CUST1611,1,79,79.0,1.0,1.0,0.0,0.0,2024-02-24 16:14:00,126,30.0,F,2,5,2,4
CUST1612,1,45,45.0,0.0,0.0,0.0,0.0,2024-05-22 19:02:00,37,40.0,F,2,-1,3,0
CUST1613,1,200,200.0,0.0,1.0,0.0,0.0,2024-02-27 16:26:00,123,39.0,F,3,0,2,0
CUST1614,1,95,95.0,0.0,0.0,0.0,0.0,2024-06-21 15:43:00,8,23.0,M,2,3,3,0
CUST1615,1,142,142.0,0.0,1.0,0.0,0.0,2024-01-17 13:12:00,164,41.0,M,2,0,2,0
CUST1616,1,100,100.0,0.0,0.0,1.0,0.0,2024-04-01 15:42:00,89,42.0,F,0,2,0,3
CUST1617,1,16,16.0,1.0,0.0,1.0,0.0,2024-05-05 15:14:00,55,21.0,F,0,-1,4,3
CUST1618,1,120,120.0,0.0,0.0,0.0,1.0,2024-05-07 18:01:00,52,44.0,M,1,1,1,1
CUST1619,1,130,130.0,0.0,0.0,1.0,0.0,2024-04-29 11:18:00,61,39.0,F,0,2,0,3
CUST1620,1,91,91.0,1.0,1.0,0.0,0.0,2024-04-20 09:24:00,70,42.0,M,2,5,2,4
CUST1621,1,96,96.0,1.0,1.0,0.0,0.0,2024-05-05 14:08:00,55,40.0,M,2,5,2,4
CUST1622,1,268,268.0,0.0,1.0,0.0,0.0,2024-05-09 08:25:00,51,33.0,M,3,0,2,0
CUST1623,1,194,194.0,1.0,0.0,0.0,0.0,2024-06-09 13:24:00,20,29.0,M,3,-1,3,4
CUST1624,1,130,130.0,0.0,0.0,1.0,0.0,2024-05-31 09:58:00,29,25.0,F,0,2,0,3
CUST1625,1,62,62.0,1.0,1.0,0.0,0.0,2024-05-25 16:57:00,35,32.0,F,2,5,2,4
CUST1626,1,76,76.0,1.0,0.0,0.0,1.0,2024-03-23 17:06:00,98,30.0,F,1,-1,1,1
CUST1627,1,42,42.0,0.0,1.0,0.0,0.0,2024-04-03 14:12:00,87,23.0,F,2,0,2,0
CUST1628,1,204,204.0,1.0,1.0,0.0,0.0,2024-05-26 14:51:00,34,19.0,F,3,-1,2,4
CUST1629,1,170,170.0,1.0,1.0,0.0,0.0,2024-01-20 18:52:00,160,24.0,F,3,-1,2,4
CUST1630,1,58,58.0,0.0,1.0,0.0,0.0,2024-01-05 18:45:00,175,39.0,M,2,0,2,0
CUST1631,1,130,130.0,0.0,0.0,0.0,0.0,2024-05-24 19:40:00,35,26.0,F,2,3,3,0
CUST1632,1,76,76.0,1.0,0.0,0.0,1.0,2024-04-21 14:20:00,69,22.0,F,1,-1,1,1
CUST1633,1,15,15.0,0.0,0.0,1.0,0.0,2024-06-14 10:16:00,15,44.0,F,0,2,0,3
CUST1634,1,159,159.0,1.0,1.0,0.0,0.0,2024-03-03 20:52:00,117,24.0,M,3,-1,2,4
CUST1635,1,108,108.0,1.0,0.0,0.0,1.0,2024-02-04 08:16:00,146,23.0,F,1,-1,1,1
CUST1636,1,100,100.0,0.0,0.0,1.0,0.0,2024-01-15 09:20:00,166,43.0,M,0,2,0,3
CUST1637,1,45,45.0,0.0,0.0,1.0,0.0,2024-03-01 09:36:00,120,30.0,M,0,2,0,3
CUST1638,1,115,115.0,0.0,0.0,1.0,0.0,2024-03-01 17:07:00,120,33.0,M,0,2,0,3
CUST1639,1,200,200.0,1.0,0.0,0.0,1.0,2024-01-28 10:13:00,153,24.0,M,1,-1,1,1
CUST1640,1,178,178.0,0.0,1.0,0.0,0.0,2024-03-22 16:27:00,99,40.0,M,2,0,2,0
CUST1641,1,155,155.0,0.0,0.0,1.0,0.0,2024-04-04 12:01:00,86,29.0,F,0,2,0,3
CUST1642,1,32,32.0,0.0,1.0,0.0,0.0,2024-05-16 11:54:00,44,43.0,M,2,0,2,0
CUST1643,1,40,40.0,0.0,0.0,0.0,1.0,2024-03-01 12:13:00,120,27.0,M,1,1,1,1
CUST1644,1,160,160.0,0.0,0.0,0.0,1.0,2024-03-11 09:52:00,110,43.0,M,1,1,1,1
CUST1645,1,170,170.0,1.0,1.0,0.0,0.0,2024-02-11 19:16:00,138,44.0,M,3,-1,2,4
CUST1646,1,15,15.0,0.0,0.0,1.0,0.0,2024-06-10 15:50:00,19,38.0,M,0,2,0,3
CUST1647,1,231,231.0,0.0,1.0,0.0,0.0,2024-01-29 10:15:00,152,28.0,M,3,0,2,2
CUST1648,1,32,32.0,0.0,1.0,0.0,0.0,2024-03-13 11:05:00,108,39.0,F,2,0,2,0
CUST1649,1,40,40.0,0.0,0.0,1.0,0.0,2024-05-22 18:39:00,37,18.0,M,0,2,0,3
CUST1650,1,136,136.0,0.0,1.0,0.0,0.0,2024-06-07 14:38:00,22,19.0,F,2,0,2,0
CUST1651,1,205,205.0,0.0,1.0,0.0,0.0,2024-04-26 18:31:00,63,18.0,F,3,0,2,2
CUST1652,1,52,52.0,0.0,1.0,0.0,0.0,2024-03-13 19:43:00,107,37.0,M,2,0,2,0
CUST1653,1,90,90.0,0.0,0.0,0.0,1.0,2024-03-01 17:28:00,120,27.0,F,1,1,1,1
CUST1654,1,142,142.0,0.0,1.0,0.0,0.0,2024-06-24 11:45:00,5,40.0,F,2,0,2,0
CUST1655,1,227,227.0,1.0,0.0,0.0,1.0,2024-03-31 17:42:00,90,25.0,F,1,-1,1,1
CUST1656,1,147,147.0,0.0,1.0,0.0,0.0,2024-05-28 10:16:00,32,22.0,M,2,0,2,0
CUST1657,1,300,300.0,0.0,0.0,0.0,1.0,2024-01-30 13:02:00,151,22.0,F,1,-1,1,1
CUST1658,1,103,103.0,1.0,0.0,0.0,1.0,2024-05-12 13:27:00,48,37.0,F,1,6,1,1
CUST1659,1,152,152.0,0.0,1.0,0.0,0.0,2024-02-08 08:14:00,142,19.0,M,2,0,2,0
CUST1660,1,52,52.0,0.0,1.0,0.0,0.0,2024-04-01 19:35:00,88,19.0,F,2,0,2,0
CUST1661,1,145,145.0,0.0,0.0,0.0,1.0,2024-05-10 12:36:00,50,23.0,M,1,1,1,1
CUST1662,1,136,136.0,0.0,1.0,0.0,0.0,2024-03-13 18:43:00,107,28.0,M,2,0,2,0
CUST1663,1,45,45.0,1.0,1.0,0.0,0.0,2024-06-01 18:00:00,27,32.0,F,2,5,2,4
CUST1664,1,145,145.0,0.0,0.0,0.0,1.0,2024-06-13 12:20:00,16,24.0,M,1,1,1,1
CUST1665,1,50,50.0,0.0,0.0,0.0,1.0,2024-02-23 10:24:00,127,20.0,M,1,1,1,1
CUST1666,1,235,235.0,0.0,0.0,0.0,1.0,2024-04-01 18:06:00,88,39.0,M,1,8,1,1
CUST1667,1,105,105.0,0.0,1.0,0.0,0.0,2024-04-04 17:11:00,86,20.0,F,2,0,2,0
CUST1668,1,110,110.0,0.0,0.0,1.0,0.0,2024-05-06 16:40:00,54,38.0,M,0,2,0,3
CUST1669,1,146,146.0,1.0,0.0,1.0,0.0,2024-03-17 10:08:00,104,43.0,F,4,-1,4,3
CUST1670,1,255,255.0,0.0,0.0,0.0,0.0,2024-05-10 14:26:00,50,19.0,M,3,-1,3,2
CUST1671,1,262,262.0,0.0,1.0,0.0,0.0,2024-04-10 08:05:00,80,23.0,M,3,0,2,2
CUST1672,1,178,178.0,1.0,0.0,1.0,0.0,2024-02-24 10:05:00,126,45.0,M,4,-1,4,3
CUST1673,1,437,437.0,1.0,0.0,0.0,1.0,2024-04-27 19:25:00,62,38.0,F,3,-1,1,2
CUST1674,1,159,159.0,1.0,1.0,0.0,0.0,2024-02-04 08:12:00,146,20.0,M,3,-1,2,4
CUST1675,1,248,248.0,1.0,0.0,0.0,1.0,2024-06-15 11:27:00,14,33.0,M,1,-1,1,1
CUST1676,1,168,168.0,0.0,1.0,0.0,0.0,2024-06-28 15:31:00,1,23.0,M,2,0,2,0
CUST1677,1,105,105.0,0.0,0.0,0.0,1.0,2024-01-03 09:40:00,178,19.0,F,1,1,1,1
CUST1678,1,170,170.0,0.0,0.0,1.0,0.0,2024-04-12 15:32:00,78,19.0,F,0,2,0,3
CUST1679,1,220,220.0,0.0,0.0,1.0,0.0,2024-05-01 09:31:00,59,26.0,F,4,-1,0,2
CUST1680,1,100,100.0,0.0,0.0,0.0,1.0,2024-05-09 11:37:00,51,32.0,M,1,1,1,1
CUST1681,1,116,116.0,0.0,1.0,0.0,0.0,2024-04-30 20:54:00,59,31.0,F,2,0,2,0
CUST1682,1,125,125.0,1.0,1.0,0.0,0.0,2024-02-03 10:12:00,147,39.0,F,2,5,2,4
CUST1683,1,131,131.0,0.0,1.0,0.0,0.0,2024-01-05 13:56:00,176,24.0,M,2,0,2,0
CUST1684,1,43,43.0,1.0,0.0,0.0,1.0,2024-05-04 12:21:00,56,21.0,M,1,-1,1,1
CUST1685,1,76,76.0,1.0,0.0,0.0,1.0,2024-06-29 08:59:00,0,45.0,M,1,-1,1,1
CUST1686,1,130,130.0,0.0,0.0,1.0,0.0,2024-05-09 09:10:00,51,44.0,M,0,2,0,3
CUST1687,1,130,130.0,0.0,0.0,0.0,1.0,2024-05-09 15:46:00,51,40.0,F,1,1,1,1
CUST1688,1,55,55.0,0.0,0.0,1.0,0.0,2024-04-22 14:49:00,68,21.0,M,0,2,0,3
CUST1689,1,168,168.0,0.0,1.0,0.0,0.0,2024-04-05 19:48:00,84,20.0,F,2,0,2,2
CUST1690,1,135,135.0,0.0,0.0,1.0,0.0,2024-01-08 15:09:00,173,32.0,F,0,2,0,3
CUST1691,1,225,225.0,0.0,0.0,1.0,0.0,2024-01-10 18:59:00,170,19.0,F,4,-1,0,3
CUST1692,1,94,94.0,0.0,1.0,0.0,0.0,2024-03-29 08:52:00,92,41.0,F,2,0,2,0
CUST1693,1,85,85.0,1.0,1.0,0.0,0.0,2024-06-15 14:49:00,14,40.0,F,2,5,2,4
CUST1694,1,198,198.0,1.0,1.0,0.0,0.0,2024-02-24 09:32:00,126,34.0,F,3,4,2,4
CUST1695,1,130,130.0,0.0,0.0,1.0,0.0,2024-04-18 16:07:00,72,44.0,F,0,2,0,3
CUST1696,1,45,45.0,1.0,1.0,0.0,0.0,2024-05-26 19:00:00,33,32.0,F,2,5,2,4
CUST1697,1,125,125.0,0.0,0.0,0.0,1.0,2024-03-13 18:50:00,107,29.0,F,1,1,1,1
CUST1698,1,50,50.0,0.0,0.0,0.0,1.0,2024-02-07 19:27:00,142,32.0,M,1,1,1,1
CUST1699,1,130,130.0,0.0,0.0,1.0,0.0,2024-04-24 09:23:00,66,33.0,M,0,2,0,3
CUST1700,1,130,130.0,0.0,0.0,0.0,1.0,2024-04-22 19:59:00,67,38.0,F,1,1,1,1
CUST1701,1,210,210.0,0.0,0.0,1.0,0.0,2024-04-26 15:02:00,64,40.0,M,4,2,0,3
CUST1702,1,21,21.0,0.0,1.0,0.0,0.0,2024-03-19 13:19:00,102,21.0,F,2,0,2,0
CUST1703,1,45,45.0,0.0,0.0,0.0,1.0,2024-03-13 11:11:00,108,19.0,F,1,1,1,1
CUST1704,1,79,79.0,1.0,1.0,0.0,0.0,2024-05-26 12:36:00,34,31.0,F,2,5,2,4
CUST1705,1,160,160.0,0.0,0.0,1.0,0.0,2024-05-09 18:29:00,50,42.0,M,0,2,0,3
CUST1706,1,220,220.0,0.0,0.0,0.0,1.0,2024-03-27 16:02:00,94,25.0,F,1,1,1,1
CUST1707,1,142,142.0,0.0,1.0,0.0,0.0,2024-06-13 16:05:00,16,35.0,M,2,0,2,0
CUST1708,1,290,290.0,0.0,0.0,1.0,0.0,2024-02-22 11:53:00,128,18.0,F,4,-1,0,2
CUST1709,1,185,185.0,0.0,0.0,0.0,1.0,2024-02-16 14:01:00,134,28.0,F,1,1,1,1
CUST1710,1,170,170.0,0.0,0.0,0.0,0.0,2024-02-16 12:49:00,134,27.0,M,2,-1,3,0
CUST1711,1,210,210.0,1.0,1.0,0.0,0.0,2024-03-17 14:06:00,104,18.0,M,3,-1,2,4
CUST1712,1,92,92.0,1.0,0.0,1.0,0.0,2024-03-02 20:38:00,118,19.0,M,0,-1,4,3
CUST1713,1,126,126.0,0.0,1.0,0.0,0.0,2024-05-21 14:04:00,39,28.0,F,2,0,2,0
CUST1714,1,215,215.0,0.0,1.0,0.0,0.0,2024-03-18 17:26:00,103,25.0,M,3,0,2,2
CUST1715,1,257,257.0,0.0,1.0,0.0,0.0,2024-01-11 08:52:00,170,35.0,F,3,0,2,0
CUST1716,1,211,211.0,1.0,0.0,1.0,0.0,2024-03-30 18:13:00,90,44.0,F,4,-1,4,3
CUST1717,1,185,185.0,0.0,0.0,0.0,1.0,2024-02-05 19:35:00,144,40.0,M,1,1,1,1
CUST1718,1,170,170.0,0.0,0.0,1.0,0.0,2024-04-25 12:15:00,65,38.0,F,0,2,0,3
CUST1719,1,63,63.0,0.0,1.0,0.0,0.0,2024-06-14 08:38:00,15,40.0,M,2,0,2,0
CUST1720,1,105,105.0,0.0,0.0,0.0,1.0,2024-05-17 09:50:00,43,42.0,F,1,1,1,1
CUST1721,1,42,42.0,0.0,1.0,0.0,0.0,2024-06-27 08:07:00,2,30.0,M,2,0,2,0
CUST1722,1,505,505.0,1.0,1.0,0.0,0.0,2024-06-23 19:22:00,5,42.0,F,3,-1,2,2
CUST1723,1,85,85.0,0.0,0.0,1.0,0.0,2024-01-02 11:52:00,179,40.0,M,0,2,0,3
CUST1724,1,150,150.0,0.0,0.0,1.0,0.0,2024-06-17 19:36:00,11,23.0,M,0,2,0,3
CUST1725,1,165,165.0,0.0,0.0,0.0,1.0,2024-02-19 18:01:00,130,34.0,F,1,1,1,1
CUST1726,1,255,255.0,1.0,1.0,0.0,0.0,2024-04-20 14:17:00,70,45.0,F,3,-1,2,4
CUST1727,1,100,100.0,0.0,0.0,0.0,0.0,2024-05-16 15:20:00,44,26.0,F,2,3,3,0
CUST1728,1,60,60.0,0.0,0.0,0.0,1.0,2024-06-25 14:04:00,4,41.0,M,1,1,1,1
CUST1729,1,275,275.0,0.0,0.0,0.0,1.0,2024-01-08 15:27:00,173,38.0,M,1,-1,1,1
CUST1730,1,110,110.0,0.0,0.0,0.0,1.0,2024-05-13 20:15:00,46,44.0,F,1,1,1,1
CUST1731,1,142,142.0,0.0,1.0,0.0,0.0,2024-06-26 09:50:00,3,30.0,F,2,0,2,0
CUST1732,1,80,80.0,0.0,0.0,0.0,1.0,2024-05-23 08:18:00,37,39.0,M,1,1,1,1
CUST1733,1,157,157.0,1.0,0.0,0.0,1.0,2024-04-28 20:27:00,61,32.0,F,1,6,1,1
CUST1734,1,158,158.0,0.0,1.0,0.0,0.0,2024-05-31 20:53:00,28,18.0,M,2,0,2,0
CUST1735,1,320,320.0,0.0,1.0,0.0,0.0,2024-01-12 08:08:00,169,25.0,M,3,-1,2,2
CUST1736,1,47,47.0,0.0,1.0,0.0,0.0,2024-03-20 17:21:00,101,22.0,F,2,0,2,0
CUST1737,1,110,110.0,0.0,0.0,0.0,0.0,2024-05-09 16:54:00,51,19.0,M,2,3,3,0
CUST1738,1,140,140.0,0.0,0.0,1.0,0.0,2024-06-19 15:44:00,10,28.0,M,0,2,0,3
CUST1739,1,170,170.0,0.0,0.0,0.0,1.0,2024-01-11 15:14:00,170,21.0,F,1,1,1,1
CUST1740,1,130,130.0,0.0,0.0,0.0,1.0,2024-02-22 14:11:00,128,43.0,F,1,1,1,1
CUST1741,1,178,178.0,0.0,1.0,0.0,0.0,2024-02-06 12:28:00,144,18.0,M,3,0,2,0
CUST1742,1,63,63.0,0.0,1.0,0.0,0.0,2024-03-27 16:15:00,94,41.0,M,2,0,2,0
CUST1743,1,194,194.0,1.0,0.0,0.0,1.0,2024-04-07 18:50:00,82,18.0,M,1,-1,1,1
CUST1744,1,150,150.0,0.0,0.0,0.0,1.0,2024-05-14 20:39:00,45,39.0,M,1,1,1,1
CUST1745,1,25,25.0,0.0,0.0,0.0,1.0,2024-03-22 17:27:00,99,40.0,F,1,1,1,1
CUST1746,1,130,130.0,0.0,0.0,0.0,0.0,2024-02-08 13:15:00,142,45.0,F,2,3,3,0
CUST1747,1,45,45.0,0.0,0.0,1.0,0.0,2024-04-30 20:42:00,59,41.0,M,0,2,0,3
CUST1748,1,194,194.0,0.0,1.0,0.0,0.0,2024-02-15 13:45:00,135,33.0,F,3,0,2,0
CUST1749,1,116,116.0,0.0,1.0,0.0,0.0,2024-02-21 15:55:00,129,24.0,M,2,0,2,0
CUST1750,1,110,110.0,0.0,0.0,0.0,0.0,2024-04-05 12:35:00,85,36.0,M,2,3,3,0
CUST1751,1,94,94.0,0.0,1.0,0.0,0.0,2024-04-29 16:39:00,61,25.0,M,2,0,2,0
CUST1752,1,249,249.0,1.0,1.0,0.0,0.0,2024-01-07 10:28:00,174,26.0,F,3,-1,2,4
CUST1753,1,40,40.0,0.0,0.0,0.0,0.0,2024-02-28 09:07:00,122,43.0,F,2,-1,3,0
CUST1754,1,260,260.0,0.0,0.0,0.0,1.0,2024-03-05 12:47:00,116,39.0,F,1,8,1,1
CUST1755,1,125,125.0,0.0,0.0,0.0,1.0,2024-03-13 13:50:00,108,18.0,F,1,1,1,1
CUST1756,1,135,135.0,0.0,0.0,1.0,0.0,2024-02-28 11:46:00,122,45.0,F,0,2,0,3
CUST1757,1,52,52.0,0.0,1.0,0.0,0.0,2024-03-28 20:05:00,92,41.0,F,2,0,2,0
CUST1758,1,152,152.0,0.0,1.0,0.0,0.0,2024-04-25 16:01:00,65,24.0,F,2,0,2,0
CUST1759,1,250,250.0,0.0,0.0,1.0,0.0,2024-06-24 20:25:00,4,31.0,F,4,-1,0,2
CUST1760,1,151,151.0,1.0,0.0,1.0,0.0,2024-05-25 18:51:00,34,22.0,F,4,-1,4,3
CUST1761,1,65,65.0,1.0,0.0,0.0,1.0,2024-05-25 15:40:00,35,21.0,F,1,-1,1,1
CUST1762,1,194,194.0,1.0,0.0,0.0,0.0,2024-01-07 10:12:00,174,19.0,F,3,-1,3,4
CUST1763,1,94,94.0,0.0,1.0,0.0,0.0,2024-04-04 16:00:00,86,32.0,M,2,0,2,0
CUST1764,1,105,105.0,0.0,0.0,0.0,1.0,2024-04-09 11:08:00,81,33.0,M,1,1,1,1
CUST1765,1,32,32.0,0.0,1.0,0.0,0.0,2024-05-08 19:43:00,51,36.0,M,2,0,2,0
CUST1766,1,147,147.0,0.0,1.0,0.0,0.0,2024-06-03 20:15:00,25,20.0,F,2,0,2,0
CUST1767,1,50,50.0,0.0,0.0,0.0,1.0,2024-04-10 17:52:00,80,29.0,F,1,1,1,1
CUST1768,1,140,140.0,0.0,0.0,1.0,0.0,2024-06-17 10:44:00,12,32.0,F,0,2,0,3
CUST1769,1,130,130.0,0.0,0.0,0.0,1.0,2024-06-27 19:46:00,1,39.0,M,1,1,1,1
CUST1770,1,91,91.0,1.0,1.0,0.0,0.0,2024-04-14 15:10:00,76,34.0,F,2,5,2,4
CUST1771,1,20,20.0,0.0,0.0,0.0,0.0,2024-02-19 14:02:00,131,28.0,F,2,-1,3,0
CUST1772,1,115,115.0,0.0,0.0,1.0,0.0,2024-01-18 09:35:00,163,33.0,F,0,2,0,3
CUST1773,1,116,116.0,0.0,1.0,0.0,0.0,2024-02-15 12:07:00,135,37.0,M,2,0,2,0
CUST1774,1,150,150.0,0.0,0.0,1.0,0.0,2024-04-01 10:13:00,89,22.0,F,0,2,0,3
CUST1775,1,160,160.0,0.0,0.0,0.0,0.0,2024-04-23 08:38:00,67,30.0,F,2,3,3,0
CUST1776,1,170,170.0,0.0,0.0,0.0,1.0,2024-01-08 08:21:00,173,18.0,F,1,-1,1,1
CUST1777,1,221,221.0,1.0,1.0,0.0,0.0,2024-05-11 09:52:00,49,19.0,F,3,-1,2,4
CUST1778,1,116,116.0,0.0,1.0,0.0,0.0,2024-01-04 14:41:00,177,28.0,M,2,0,2,0
CUST1779,1,89,89.0,0.0,1.0,0.0,0.0,2024-01-12 09:56:00,169,38.0,F,2,0,2,0
CUST1780,1,302,302.0,1.0,0.0,1.0,0.0,2024-06-02 13:40:00,27,26.0,M,4,-1,4,2
CUST1781,1,135,135.0,0.0,0.0,1.0,0.0,2024-01-05 17:58:00,175,20.0,F,0,2,0,3
CUST1782,1,52,52.0,0.0,1.0,0.0,0.0,2024-06-06 20:57:00,22,25.0,M,2,0,2,0
CUST1783,1,100,100.0,0.0,1.0,0.0,0.0,2024-04-05 15:18:00,85,19.0,M,2,0,2,0
CUST1784,1,49,49.0,1.0,0.0,1.0,0.0,2024-02-04 12:20:00,146,41.0,F,0,-1,4,3
CUST1785,1,248,248.0,1.0,0.0,1.0,0.0,2024-01-07 11:54:00,174,38.0,F,4,-1,4,2
CUST1786,1,84,84.0,0.0,1.0,0.0,0.0,2024-06-04 14:33:00,25,43.0,M,2,0,2,0
CUST1787,1,220,220.0,0.0,1.0,0.0,0.0,2024-02-22 10:05:00,128,19.0,M,3,0,2,2
CUST1788,1,336,336.0,0.0,1.0,0.0,0.0,2024-02-15 17:15:00,135,25.0,F,3,-1,2,2
CUST1789,1,189,189.0,0.0,1.0,0.0,0.0,2024-02-12 15:28:00,138,30.0,F,3,0,2,0
CUST1790,1,158,158.0,0.0,1.0,0.0,0.0,2024-05-21 19:11:00,38,37.0,M,2,0,2,0
CUST1791,1,17,17.0,1.0,1.0,0.0,0.0,2024-02-04 19:30:00,145,20.0,F,2,-1,2,4
CUST1792,1,168,168.0,0.0,1.0,0.0,0.0,2024-04-16 14:47:00,74,33.0,F,2,0,2,0
CUST1793,1,230,230.0,0.0,0.0,0.0,1.0,2024-02-19 20:27:00,130,30.0,M,1,1,1,1
CUST1794,1,38,38.0,1.0,0.0,0.0,1.0,2024-03-03 15:02:00,118,31.0,M,1,-1,1,1
CUST1795,1,30,30.0,0.0,0.0,0.0,1.0,2024-06-03 17:42:00,26,26.0,M,1,1,1,1
CUST1796,1,221,221.0,1.0,1.0,0.0,0.0,2024-05-12 11:56:00,48,30.0,M,3,4,2,4
CUST1797,1,30,30.0,0.0,0.0,0.0,1.0,2024-04-15 20:56:00,74,36.0,F,1,1,1,1
CUST1798,1,254,254.0,1.0,0.0,0.0,1.0,2024-03-09 19:13:00,111,44.0,M,1,-1,1,1
CUST1799,1,116,116.0,0.0,1.0,0.0,0.0,2024-06-27 14:33:00,2,21.0,M,2,0,2,0
CUST1800,1,63,63.0,0.0,1.0,0.0,0.0,2024-02-16 16:07:00,134,24.0,F,2,0,2,0
CUST1801,1,140,140.0,0.0,0.0,1.0,0.0,2024-03-07 14:28:00,114,43.0,M,0,2,0,3
CUST1802,1,25,25.0,0.0,0.0,1.0,0.0,2024-05-02 15:43:00,58,18.0,M,0,2,0,3
CUST1803,1,175,175.0,0.0,0.0,0.0,1.0,2024-01-25 11:33:00,156,39.0,M,1,1,1,1
CUST1804,1,220,220.0,0.0,0.0,0.0,1.0,2024-03-27 13:43:00,94,37.0,F,1,1,1,1
CUST1805,1,50,50.0,0.0,0.0,0.0,1.0,2024-01-26 08:29:00,155,29.0,F,1,1,1,1
CUST1806,1,95,95.0,0.0,0.0,1.0,0.0,2024-04-04 15:39:00,86,40.0,M,0,2,0,3
CUST1807,1,152,152.0,0.0,1.0,0.0,0.0,2024-01-12 20:47:00,168,18.0,F,2,0,2,0
CUST1808,1,15,15.0,0.0,0.0,1.0,0.0,2024-05-01 18:54:00,58,29.0,F,0,2,0,3
CUST1809,1,100,100.0,0.0,0.0,0.0,1.0,2024-05-13 17:50:00,47,40.0,M,1,1,1,1
CUST1810,1,74,74.0,0.0,1.0,0.0,0.0,2024-01-30 15:42:00,151,23.0,F,2,0,2,0
CUST1811,1,175,175.0,0.0,0.0,0.0,1.0,2024-01-08 10:59:00,173,21.0,F,1,1,1,1
CUST1812,1,252,252.0,0.0,1.0,0.0,0.0,2024-05-16 18:46:00,43,39.0,M,3,-1,2,0
CUST1813,1,32,32.0,0.0,1.0,0.0,0.0,2024-02-29 11:16:00,121,38.0,F,2,0,2,0
CUST1814,1,135,135.0,1.0,0.0,0.0,1.0,2024-05-26 13:08:00,34,41.0,M,1,6,1,1
CUST1815,1,45,45.0,0.0,0.0,0.0,1.0,2024-04-03 20:43:00,86,31.0,F,1,1,1,1
CUST1816,1,116,116.0,0.0,1.0,0.0,0.0,2024-01-03 16:54:00,178,21.0,F,2,0,2,0
CUST1817,1,247,247.0,0.0,1.0,0.0,0.0,2024-02-07 17:18:00,143,39.0,F,3,0,2,0
CUST1818,1,100,100.0,0.0,0.0,0.0,1.0,2024-05-06 12:45:00,54,38.0,M,1,1,1,1
CUST1819,1,55,55.0,0.0,0.0,0.0,1.0,2024-06-28 19:03:00,0,45.0,M,1,1,1,1
CUST1820,1,227,227.0,1.0,1.0,0.0,0.0,2024-01-06 16:25:00,175,44.0,M,3,-1,2,4
CUST1821,1,175,175.0,0.0,0.0,1.0,0.0,2024-01-25 10:20:00,156,40.0,F,0,2,0,3
CUST1822,1,305,305.0,0.0,0.0,1.0,0.0,2024-02-23 11:51:00,127,27.0,M,4,-1,0,2
CUST1823,1,25,25.0,0.0,0.0,0.0,1.0,2024-01-15 09:22:00,166,39.0,M,1,1,1,1
CUST1824,1,32,32.0,0.0,1.0,0.0,0.0,2024-02-08 18:46:00,141,36.0,F,2,0,2,0
CUST1825,1,113,113.0,1.0,0.0,1.0,0.0,2024-06-16 19:24:00,12,27.0,M,0,-1,4,3
CUST1826,1,160,160.0,0.0,0.0,1.0,0.0,2024-02-01 15:41:00,149,21.0,M,0,2,0,3
CUST1827,1,32,32.0,0.0,1.0,0.0,0.0,2024-06-14 19:27:00,14,30.0,F,2,0,2,0
CUST1828,1,142,142.0,0.0,1.0,0.0,0.0,2024-04-10 16:52:00,80,30.0,M,2,0,2,0
CUST1829,1,25,25.0,0.0,0.0,0.0,1.0,2024-01-02 16:28:00,179,23.0,M,1,-1,1,1
CUST1830,1,100,100.0,0.0,0.0,0.0,1.0,2024-01-23 16:16:00,158,38.0,M,1,1,1,1
CUST1831,1,94,94.0,0.0,1.0,0.0,0.0,2024-04-18 18:00:00,71,29.0,M,2,0,2,0
CUST1832,1,245,245.0,0.0,0.0,1.0,0.0,2024-02-05 17:31:00,145,39.0,F,4,-1,0,2
CUST1833,1,140,140.0,1.0,0.0,1.0,0.0,2024-03-17 11:08:00,104,24.0,M,0,-1,4,3
CUST1834,1,130,130.0,0.0,0.0,0.0,1.0,2024-03-07 14:41:00,114,20.0,F,1,1,1,1
CUST1835,1,336,336.0,0.0,1.0,0.0,0.0,2024-01-19 18:46:00,161,35.0,M,3,-1,2,2
CUST1836,1,189,189.0,0.0,1.0,0.0,0.0,2024-06-03 11:04:00,26,30.0,M,3,0,2,0
CUST1837,1,32,32.0,0.0,1.0,0.0,0.0,2024-03-11 08:06:00,110,22.0,M,2,0,2,0
CUST1838,1,280,280.0,0.0,0.0,0.0,0.0,2024-05-30 20:31:00,29,23.0,F,3,-1,3,2
CUST1839,1,110,110.0,0.0,0.0,1.0,0.0,2024-02-16 13:51:00,134,28.0,F,0,2,0,3
CUST1840,1,130,130.0,0.0,0.0,1.0,0.0,2024-02-06 14:36:00,144,39.0,M,0,2,0,3
CUST1841,1,147,147.0,1.0,1.0,0.0,0.0,2024-06-29 15:11:00,0,39.0,F,2,-1,2,4
CUST1842,1,52,52.0,0.0,1.0,0.0,0.0,2024-03-19 14:49:00,102,27.0,M,2,0,2,0
CUST1843,1,135,135.0,0.0,0.0,1.0,0.0,2024-05-27 08:05:00,33,20.0,M,0,2,0,3
CUST1844,1,369,369.0,1.0,1.0,0.0,0.0,2024-04-13 08:39:00,77,34.0,M,3,-1,2,2
CUST1845,1,200,200.0,0.0,0.0,0.0,1.0,2024-02-13 18:59:00,136,37.0,F,1,1,1,1
CUST1846,1,130,130.0,1.0,0.0,0.0,1.0,2024-04-07 10:23:00,83,31.0,F,1,6,1,1
CUST1847,1,147,147.0,0.0,1.0,0.0,0.0,2024-06-10 17:25:00,19,24.0,M,2,0,2,0
CUST1848,1,47,47.0,0.0,1.0,0.0,0.0,2024-01-02 17:29:00,179,19.0,F,2,0,2,0
CUST1849,1,121,121.0,0.0,1.0,0.0,0.0,2024-01-26 14:31:00,155,29.0,M,2,0,2,0
CUST1850,1,42,42.0,0.0,1.0,0.0,0.0,2024-04-11 13:19:00,79,25.0,F,2,0,2,0
CUST1851,1,281,281.0,1.0,0.0,1.0,0.0,2024-02-11 10:22:00,139,32.0,F,4,-1,4,2
CUST1852,1,284,284.0,0.0,1.0,0.0,0.0,2024-03-13 08:08:00,108,21.0,M,3,0,2,2
CUST1853,1,254,254.0,1.0,0.0,0.0,1.0,2024-05-05 16:31:00,55,21.0,F,1,-1,1,1
CUST1854,1,68,68.0,1.0,1.0,0.0,0.0,2024-01-28 20:01:00,152,22.0,M,2,-1,2,4
CUST1855,1,57,57.0,1.0,1.0,0.0,0.0,2024-04-21 15:18:00,69,31.0,M,2,5,2,4
CUST1856,1,147,147.0,0.0,1.0,0.0,0.0,2024-03-04 12:49:00,117,41.0,M,2,0,2,0
CUST1857,1,32,32.0,1.0,0.0,1.0,0.0,2024-02-18 17:40:00,132,40.0,M,0,-1,4,3
CUST1858,1,25,25.0,0.0,0.0,1.0,0.0,2024-02-07 14:01:00,143,26.0,M,0,2,0,3
CUST1859,1,310,310.0,0.0,1.0,0.0,0.0,2024-02-26 13:27:00,124,40.0,M,3,7,2,2
CUST1860,1,378,378.0,1.0,0.0,0.0,0.0,2024-01-13 10:02:00,168,25.0,F,3,-1,3,2
CUST1861,1,142,142.0,0.0,1.0,0.0,0.0,2024-04-03 13:19:00,87,26.0,F,2,0,2,0
CUST1862,1,20,20.0,0.0,0.0,0.0,0.0,2024-02-23 17:24:00,127,25.0,F,2,-1,3,0
CUST1863,1,40,40.0,0.0,0.0,0.0,1.0,2024-02-19 19:28:00,130,19.0,M,1,1,1,1
CUST1864,1,74,74.0,0.0,1.0,0.0,0.0,2024-02-21 16:46:00,129,41.0,F,2,0,2,0
CUST1865,1,160,160.0,0.0,0.0,1.0,0.0,2024-04-03 15:40:00,87,42.0,F,0,2,0,3
CUST1866,1,110,110.0,0.0,0.0,0.0,0.0,2024-06-27 10:18:00,2,23.0,F,2,3,3,0
CUST1867,1,155,155.0,0.0,0.0,0.0,1.0,2024-05-10 14:35:00,50,23.0,F,1,1,1,1
CUST1868,1,308,308.0,1.0,0.0,1.0,0.0,2024-05-11 15:32:00,49,36.0,M,4,-1,4,2
CUST1869,1,131,131.0,0.0,1.0,0.0,0.0,2024-03-15 08:40:00,106,19.0,M,2,0,2,0
CUST1870,1,510,510.0,0.0,0.0,1.0,0.0,2024-05-16 09:00:00,44,44.0,M,4,-1,0,2
CUST1871,1,281,281.0,1.0,0.0,0.0,1.0,2024-03-24 08:40:00,97,31.0,F,1,-1,1,1
CUST1872,1,162,162.0,1.0,0.0,1.0,0.0,2024-06-16 12:55:00,13,41.0,F,4,-1,4,3
CUST1873,1,58,58.0,0.0,1.0,0.0,0.0,2024-02-29 19:46:00,120,22.0,F,2,0,2,0
CUST1874,1,310,310.0,0.0,1.0,0.0,0.0,2024-02-15 11:36:00,135,32.0,M,3,7,2,2
CUST1875,1,68,68.0,0.0,1.0,0.0,0.0,2024-01-19 14:15:00,162,20.0,M,2,0,2,0
CUST1876,1,20,20.0,0.0,0.0,0.0,1.0,2024-01-29 08:48:00,152,30.0,M,1,1,1,1
CUST1877,1,32,32.0,1.0,0.0,0.0,1.0,2024-06-09 17:00:00,20,26.0,M,1,-1,1,1
CUST1878,1,170,170.0,0.0,0.0,1.0,0.0,2024-02-21 10:30:00,129,45.0,M,0,2,0,3
CUST1879,1,32,32.0,1.0,0.0,0.0,0.0,2024-06-09 16:07:00,20,35.0,F,2,-1,3,0
CUST1880,1,52,52.0,0.0,1.0,0.0,0.0,2024-02-06 08:58:00,144,34.0,F,2,0,2,0
CUST1881,1,235,235.0,0.0,0.0,1.0,0.0,2024-02-27 18:24:00,122,38.0,F,4,-1,0,2
CUST1882,1,26,26.0,0.0,1.0,0.0,0.0,2024-06-06 13:07:00,23,29.0,M,2,0,2,0
CUST1883,1,442,442.0,1.0,1.0,0.0,0.0,2024-06-02 10:43:00,27,31.0,F,3,-1,2,2
CUST1884,1,35,35.0,0.0,0.0,1.0,0.0,2024-01-01 10:49:00,180,26.0,M,0,2,0,3
CUST1885,1,70,70.0,0.0,0.0,0.0,1.0,2024-01-29 17:27:00,152,44.0,M,1,1,1,1
CUST1886,1,120,120.0,0.0,0.0,1.0,0.0,2024-05-06 14:30:00,54,29.0,F,0,2,0,3
CUST1887,1,152,152.0,0.0,1.0,0.0,0.0,2024-05-20 15:34:00,40,30.0,F,2,0,2,0
CUST1888,1,136,136.0,0.0,1.0,0.0,0.0,2024-03-01 13:00:00,120,40.0,M,2,0,2,0
CUST1889,1,119,119.0,1.0,0.0,0.0,1.0,2024-03-30 13:54:00,91,21.0,M,1,-1,1,1
CUST1890,1,52,52.0,0.0,1.0,0.0,0.0,2024-02-27 08:47:00,123,25.0,M,2,0,2,0
CUST1891,1,136,136.0,0.0,1.0,0.0,0.0,2024-05-02 17:55:00,58,39.0,M,2,0,2,0
CUST1892,1,70,70.0,1.0,0.0,1.0,0.0,2024-05-25 14:09:00,35,20.0,M,0,-1,4,3
CUST1893,1,50,50.0,0.0,0.0,1.0,0.0,2024-04-23 20:41:00,66,41.0,F,0,2,0,3
CUST1894,1,173,173.0,0.0,1.0,0.0,0.0,2024-01-03 14:53:00,178,34.0,M,2,0,2,0
CUST1895,1,79,79.0,1.0,1.0,0.0,0.0,2024-03-10 09:33:00,111,31.0,M,2,5,2,4
CUST1896,1,43,43.0,1.0,0.0,1.0,0.0,2024-02-17 19:35:00,132,25.0,F,0,-1,4,3
CUST1897,1,163,163.0,0.0,1.0,0.0,0.0,2024-02-12 08:51:00,138,44.0,F,2,0,2,0
CUST1898,1,15,15.0,0.0,0.0,0.0,0.0,2024-03-13 10:34:00,108,18.0,M,2,-1,3,0
CUST1899,1,126,126.0,0.0,1.0,0.0,0.0,2024-06-12 08:15:00,17,24.0,M,2,0,2,0
CUST1900,1,158,158.0,0.0,1.0,0.0,0.0,2024-04-11 16:12:00,79,42.0,F,2,0,2,0
CUST1901,1,100,100.0,0.0,1.0,0.0,0.0,2024-05-08 20:49:00,51,41.0,M,2,0,2,0
CUST1902,1,221,221.0,1.0,0.0,1.0,0.0,2024-02-25 20:43:00,124,40.0,M,4,-1,4,2
CUST1903,1,59,59.0,1.0,0.0,1.0,0.0,2024-03-02 11:39:00,119,19.0,F,0,-1,4,3
CUST1904,1,110,110.0,0.0,0.0,0.0,1.0,2024-05-20 20:50:00,39,22.0,F,1,1,1,1
CUST1905,1,40,40.0,0.0,0.0,0.0,0.0,2024-05-27 13:22:00,33,20.0,F,2,-1,3,0
CUST1906,1,194,194.0,1.0,0.0,0.0,1.0,2024-06-15 10:07:00,14,26.0,F,1,-1,1,1
CUST1907,1,204,204.0,1.0,1.0,0.0,0.0,2024-05-11 17:20:00,49,32.0,F,3,4,2,4
CUST1908,1,116,116.0,0.0,1.0,0.0,0.0,2024-06-28 16:00:00,1,41.0,M,2,0,2,0
CUST1909,1,136,136.0,0.0,1.0,0.0,0.0,2024-02-27 14:55:00,123,45.0,M,2,0,2,0
CUST1910,1,120,120.0,0.0,0.0,0.0,1.0,2024-02-16 19:06:00,133,21.0,M,1,1,1,1
CUST1911,1,102,102.0,1.0,1.0,0.0,0.0,2024-02-24 19:47:00,125,37.0,F,2,5,2,4
CUST1912,1,285,285.0,0.0,0.0,0.0,1.0,2024-03-22 17:02:00,99,38.0,M,1,8,1,1
CUST1913,1,125,125.0,1.0,1.0,0.0,0.0,2024-01-06 20:43:00,174,19.0,M,2,-1,2,4
CUST1914,1,110,110.0,0.0,0.0,1.0,0.0,2024-04-17 16:13:00,73,27.0,F,0,2,0,3
CUST1915,1,170,170.0,0.0,0.0,0.0,1.0,2024-02-12 11:22:00,138,42.0,F,1,1,1,1
CUST1916,1,20,20.0,0.0,0.0,1.0,0.0,2024-05-23 20:57:00,36,44.0,M,0,2,0,3
CUST1917,1,54,54.0,1.0,0.0,0.0,1.0,2024-04-27 10:31:00,63,18.0,M,1,-1,1,1
CUST1918,1,25,25.0,0.0,0.0,0.0,1.0,2024-06-11 15:40:00,18,32.0,M,1,-1,1,1
CUST1919,1,17,17.0,1.0,1.0,0.0,0.0,2024-06-02 14:13:00,27,31.0,M,2,5,2,4
CUST1920,1,145,145.0,0.0,0.0,0.0,1.0,2024-03-19 16:52:00,102,18.0,F,1,1,1,1
CUST1921,1,142,142.0,1.0,1.0,0.0,0.0,2024-04-27 14:23:00,63,21.0,M,2,-1,2,4
CUST1922,1,125,125.0,0.0,0.0,0.0,0.0,2024-01-23 20:53:00,157,40.0,M,2,3,3,0
CUST1923,1,120,120.0,0.0,0.0,0.0,0.0,2024-05-08 17:51:00,52,38.0,F,2,3,3,0
CUST1924,1,65,65.0,0.0,0.0,0.0,1.0,2024-04-30 09:22:00,60,21.0,M,1,1,1,1
CUST1925,1,221,221.0,1.0,1.0,0.0,0.0,2024-03-09 18:16:00,111,34.0,F,3,4,2,4
CUST1926,1,320,320.0,0.0,0.0,1.0,0.0,2024-04-05 16:52:00,85,18.0,M,4,-1,0,2
CUST1927,1,52,52.0,0.0,1.0,0.0,0.0,2024-02-19 17:41:00,131,35.0,F,2,0,2,0
CUST1928,1,34,34.0,1.0,1.0,0.0,0.0,2024-04-13 13:33:00,77,41.0,M,2,5,2,4
CUST1929,1,257,257.0,0.0,1.0,0.0,0.0,2024-06-10 17:50:00,19,34.0,M,3,0,2,0
CUST1930,1,43,43.0,1.0,0.0,1.0,0.0,2024-05-26 14:01:00,34,18.0,M,0,-1,4,3
CUST1931,1,17,17.0,1.0,1.0,0.0,0.0,2024-06-16 11:19:00,13,23.0,M,2,-1,2,4
CUST1932,1,140,140.0,0.0,0.0,1.0,0.0,2024-02-06 18:01:00,143,26.0,M,0,2,0,3
CUST1933,1,17,17.0,1.0,1.0,0.0,0.0,2024-01-20 15:54:00,161,23.0,M,2,-1,2,4
CUST1934,1,130,130.0,1.0,1.0,0.0,0.0,2024-05-04 18:04:00,55,31.0,M,2,5,2,4
CUST1935,1,180,180.0,0.0,0.0,1.0,0.0,2024-01-03 10:42:00,178,23.0,F,0,2,0,3
CUST1936,1,45,45.0,0.0,0.0,0.0,0.0,2024-02-01 11:38:00,149,23.0,F,2,-1,3,0
CUST1937,1,52,52.0,0.0,1.0,0.0,0.0,2024-01-30 11:01:00,151,24.0,F,2,0,2,0
CUST1938,1,315,315.0,0.0,1.0,0.0,0.0,2024-05-03 11:05:00,57,26.0,F,3,0,2,2
CUST1939,1,110,110.0,0.0,0.0,0.0,1.0,2024-06-24 19:17:00,4,23.0,M,1,1,1,1
CUST1940,1,140,140.0,1.0,0.0,1.0,0.0,2024-04-20 15:27:00,70,41.0,F,4,-1,4,3
CUST1941,1,405,405.0,0.0,0.0,0.0,0.0,2024-04-25 10:56:00,65,29.0,M,3,-1,3,2
CUST1942,1,136,136.0,0.0,1.0,0.0,0.0,2024-01-30 10:51:00,151,30.0,M,2,0,2,0
CUST1943,1,105,105.0,0.0,1.0,0.0,0.0,2024-04-05 10:49:00,85,39.0,F,2,0,2,0
CUST1944,1,189,189.0,1.0,0.0,0.0,1.0,2024-05-25 20:20:00,34,24.0,F,1,-1,1,1
CUST1945,1,151,151.0,1.0,0.0,1.0,0.0,2024-05-26 18:26:00,33,40.0,M,4,-1,4,3
CUST1946,1,105,105.0,0.0,1.0,0.0,0.0,2024-03-11 14:07:00,110,33.0,M,2,0,2,0
CUST1947,1,205,205.0,0.0,0.0,0.0,1.0,2024-03-13 08:41:00,108,36.0,M,1,1,1,1
CUST1948,1,195,195.0,0.0,0.0,0.0,1.0,2024-01-18 15:06:00,163,28.0,M,1,1,1,1
CUST1949,1,189,189.0,0.0,1.0,0.0,0.0,2024-05-06 17:03:00,54,35.0,F,3,0,2,0
CUST1950,1,200,200.0,0.0,0.0,0.0,1.0,2024-02-05 09:20:00,145,19.0,M,1,-1,1,1
CUST1951,1,135,135.0,0.0,0.0,0.0,0.0,2024-03-07 20:02:00,113,40.0,M,2,3,3,0
CUST1952,1,74,74.0,0.0,1.0,0.0,0.0,2024-02-05 17:29:00,145,26.0,M,2,0,2,0
CUST1953,1,205,205.0,0.0,1.0,0.0,0.0,2024-06-18 15:17:00,11,36.0,F,3,0,2,0
CUST1954,1,70,70.0,0.0,0.0,0.0,1.0,2024-06-26 09:04:00,3,39.0,M,1,1,1,1
CUST1955,1,210,210.0,1.0,1.0,0.0,0.0,2024-02-18 15:06:00,132,32.0,F,3,4,2,4
CUST1956,1,130,130.0,1.0,1.0,0.0,0.0,2024-02-03 11:58:00,147,45.0,M,2,-1,2,4
CUST1957,1,20,20.0,0.0,0.0,1.0,0.0,2024-06-24 12:55:00,5,31.0,M,0,-1,0,3
CUST1958,1,79,79.0,1.0,1.0,0.0,0.0,2024-03-02 08:57:00,119,41.0,M,2,5,2,4
CUST1959,1,221,221.0,1.0,1.0,0.0,0.0,2024-03-31 14:13:00,90,21.0,M,3,-1,2,4
CUST1960,1,194,194.0,0.0,1.0,0.0,0.0,2024-02-19 12:12:00,131,41.0,F,3,0,2,0
CUST1961,1,140,140.0,0.0,0.0,0.0,0.0,2024-01-30 08:57:00,151,21.0,M,2,-1,3,0
CUST1962,1,210,210.0,0.0,0.0,0.0,1.0,2024-01-26 11:46:00,155,30.0,F,1,1,1,1
CUST1963,1,255,255.0,0.0,0.0,0.0,1.0,2024-01-25 10:32:00,156,41.0,M,1,-1,1,1
CUST1964,1,126,126.0,0.0,1.0,0.0,0.0,2024-01-04 18:30:00,176,32.0,M,2,0,2,0
CUST1965,1,157,157.0,1.0,0.0,1.0,0.0,2024-06-01 13:30:00,28,23.0,M,4,-1,4,3
CUST1966,1,30,30.0,0.0,0.0,1.0,0.0,2024-05-14 16:10:00,46,44.0,M,0,2,0,3
CUST1967,1,184,184.0,1.0,0.0,1.0,0.0,2024-03-30 16:16:00,91,32.0,F,4,-1,4,3
CUST1968,1,105,105.0,0.0,1.0,0.0,0.0,2024-01-29 12:43:00,152,34.0,F,2,0,2,0
CUST1969,1,170,170.0,0.0,0.0,0.0,1.0,2024-05-27 19:44:00,32,18.0,M,1,1,1,1
CUST1970,1,130,130.0,0.0,0.0,0.0,1.0,2024-05-14 10:16:00,46,26.0,F,1,1,1,1
CUST1971,1,120,120.0,0.0,0.0,1.0,0.0,2024-01-11 17:33:00,170,27.0,M,0,2,0,3
CUST1972,1,210,210.0,0.0,0.0,1.0,0.0,2024-06-24 10:29:00,5,18.0,F,4,-1,0,2
CUST1973,1,65,65.0,0.0,0.0,0.0,0.0,2024-03-13 17:07:00,108,19.0,M,2,-1,3,0
CUST1974,1,119,119.0,1.0,0.0,0.0,1.0,2024-03-30 12:50:00,91,26.0,M,1,-1,1,1
CUST1975,1,126,126.0,0.0,1.0,0.0,0.0,2024-03-15 11:02:00,106,36.0,M,2,0,2,0
CUST1976,1,205,205.0,1.0,0.0,1.0,0.0,2024-06-01 12:11:00,28,26.0,F,4,-1,4,3
CUST1977,1,91,91.0,1.0,1.0,0.0,0.0,2024-05-25 18:29:00,34,20.0,F,2,-1,2,4
CUST1978,1,100,100.0,0.0,1.0,0.0,0.0,2024-04-29 13:27:00,61,34.0,F,2,0,2,0
CUST1979,1,273,273.0,0.0,1.0,0.0,0.0,2024-06-06 12:50:00,23,20.0,M,3,0,2,2
CUST1980,1,193,193.0,1.0,1.0,0.0,0.0,2024-01-14 09:03:00,167,32.0,F,3,-1,2,4
CUST1981,1,231,231.0,0.0,1.0,0.0,0.0,2024-06-28 11:33:00,1,21.0,M,3,0,2,2
CUST1982,1,17,17.0,1.0,1.0,0.0,0.0,2024-05-04 17:44:00,56,41.0,M,2,5,2,4
CUST1983,1,126,126.0,0.0,1.0,0.0,0.0,2024-03-04 11:06:00,117,34.0,M,2,0,2,0
CUST1984,1,86,86.0,1.0,0.0,1.0,0.0,2024-05-19 12:52:00,41,44.0,M,0,-1,4,3
CUST1985,1,55,55.0,0.0,0.0,1.0,0.0,2024-02-13 16:47:00,137,44.0,M,0,2,0,3
CUST1986,1,45,45.0,0.0,0.0,1.0,0.0,2024-05-30 15:23:00,30,39.0,M,0,2,0,3
CUST1987,1,272,272.0,1.0,1.0,0.0,0.0,2024-04-27 09:36:00,63,18.0,F,3,-1,2,4
CUST1988,1,226,226.0,0.0,1.0,0.0,0.0,2024-03-11 08:10:00,110,41.0,F,3,0,2,0
CUST1989,1,105,105.0,0.0,0.0,1.0,0.0,2024-03-12 20:48:00,108,32.0,M,0,2,0,3
CUST1990,1,227,227.0,1.0,0.0,1.0,0.0,2024-02-03 19:20:00,146,36.0,F,4,-1,4,2
CUST1991,1,94,94.0,0.0,1.0,0.0,0.0,2024-05-07 18:30:00,52,39.0,M,2,0,2,0
CUST1992,1,25,25.0,0.0,0.0,1.0,0.0,2024-04-17 09:03:00,73,41.0,F,0,2,0,3
CUST1993,1,100,100.0,0.0,0.0,0.0,0.0,2024-06-04 18:53:00,24,32.0,F,2,3,3,0
CUST1994,1,100,100.0,0.0,1.0,0.0,0.0,2024-06-12 17:35:00,17,30.0,M,2,0,2,0
CUST1995,1,195,195.0,0.0,0.0,1.0,0.0,2024-01-23 17:01:00,158,31.0,M,4,-1,0,2
CUST1996,1,170,170.0,0.0,0.0,1.0,0.0,2024-03-28 10:43:00,93,36.0,M,0,2,0,3
CUST1997,1,50,50.0,0.0,0.0,1.0,0.0,2024-01-18 15:27:00,163,29.0,M,0,2,0,3
CUST1998,1,105,105.0,0.0,0.0,1.0,0.0,2024-05-07 11:03:00,53,21.0,M,0,2,0,3
CUST1999,1,245,245.0,0.0,0.0,0.0,0.0,2024-01-18 10:18:00,163,30.0,F,3,-1,3,2
CUST2000,1,155,155.0,0.0,0.0,0.0,0.0,2024-03-08 18:01:00,112,36.0,F,2,3,3,0
